/*
Navicat MySQL Data Transfer

Source Server         : zhoutao
Source Server Version : 50553
Source Host           : localhost:3306
Source Database       : bookreading

Target Server Type    : MYSQL
Target Server Version : 50553
File Encoding         : 65001

Date: 2018-01-04 20:56:50
*/

SET FOREIGN_KEY_CHECKS=0;

-- ----------------------------
-- Table structure for admin
-- ----------------------------
DROP TABLE IF EXISTS `admin`;
CREATE TABLE `admin` (
  `id` int(4) NOT NULL COMMENT '管理员编号',
  `name` varchar(20) NOT NULL COMMENT '昵称',
  `password` varchar(16) NOT NULL COMMENT '密码',
  `phone` varchar(13) NOT NULL COMMENT '电话',
  `role` tinyint(2) NOT NULL DEFAULT '1' COMMENT '权限（0为总管理员，其他为次管理员）',
  PRIMARY KEY (`id`)
) ENGINE=MyISAM AUTO_INCREMENT=9528 DEFAULT CHARSET=utf8;

-- ----------------------------
-- Records of admin
-- ----------------------------
INSERT INTO `admin` VALUES ('9527', '周焘', '123456', '18279668701', '0');
INSERT INTO `admin` VALUES ('9529', '122', '233333', '123213', '1');

-- ----------------------------
-- Table structure for author
-- ----------------------------
DROP TABLE IF EXISTS `author`;
CREATE TABLE `author` (
  `phone` varchar(13) NOT NULL COMMENT '手机号',
  `name` varchar(20) DEFAULT NULL COMMENT '作者昵称',
  `password` varchar(16) NOT NULL COMMENT '密码',
  `sex` varchar(1) DEFAULT NULL COMMENT '性别',
  `head` varchar(255) DEFAULT NULL COMMENT '头像',
  `realName` varchar(20) DEFAULT NULL COMMENT '真实姓名',
  `IDcard` varchar(18) DEFAULT NULL COMMENT '身份证号',
  `profile` varchar(255) DEFAULT NULL COMMENT '个人简介',
  `email` varchar(30) DEFAULT NULL COMMENT '邮箱',
  `QQ` varchar(15) DEFAULT NULL,
  PRIMARY KEY (`phone`)
) ENGINE=MyISAM DEFAULT CHARSET=utf8 ROW_FORMAT=DYNAMIC;

-- ----------------------------
-- Records of author
-- ----------------------------
INSERT INTO `author` VALUES ('18279668702', '无妄勿求', '123456', null, '../img/tx.png', null, null, null, null, null);
INSERT INTO `author` VALUES ('18279668706', null, '123456', null, '../img/tx.png', null, null, null, null, null);

-- ----------------------------
-- Table structure for book
-- ----------------------------
DROP TABLE IF EXISTS `book`;
CREATE TABLE `book` (
  `id` int(11) NOT NULL AUTO_INCREMENT COMMENT '图书编号',
  `name` varchar(20) NOT NULL COMMENT '书名',
  `label` varchar(255) NOT NULL COMMENT '标签',
  `authorId` varchar(13) NOT NULL COMMENT '作者编号',
  `typeId` int(11) NOT NULL COMMENT '类别编号',
  `wordNum` int(11) NOT NULL DEFAULT '0' COMMENT '字数',
  `collectionNum` int(11) NOT NULL DEFAULT '0' COMMENT '收藏数',
  `state` tinyint(2) NOT NULL DEFAULT '0' COMMENT '图书状态（0-审核中，1-新建，2-签约作品）',
  `profile` varchar(255) NOT NULL COMMENT '图书简介',
  `clickNum` int(11) NOT NULL DEFAULT '0' COMMENT '点击数',
  `cover` varchar(255) NOT NULL COMMENT '封面',
  `creationTime` datetime NOT NULL COMMENT '创建时间',
  `chapterId` int(11) NOT NULL DEFAULT '0' COMMENT '最新章节编号',
  `recommendNum` int(11) NOT NULL DEFAULT '0' COMMENT '推荐数',
  `isRecommend` tinyint(1) NOT NULL DEFAULT '0' COMMENT '主编推荐',
  PRIMARY KEY (`id`)
) ENGINE=MyISAM AUTO_INCREMENT=18 DEFAULT CHARSET=utf8;

-- ----------------------------
-- Records of book
-- ----------------------------
INSERT INTO `book` VALUES ('1', '武霸洪荒', '仙侠,洪荒', '18279668702', '2', '71560', '5', '1', '浩瀚无边的神荒大陆，万族林立，诸强并起，神魔共存。这里有着千古不绝的血脉，有着万古不灭的武魂，强大的人类武者，上天能摘星揽月，笑傲苍穹，下地能翻江倒海，威震乾坤，一笑能让山河失色，一怒更能让时空幻灭。一颗黑不溜秋的珠子，一部看似玄之又玄的内功心法，落在了一个落魄少年的身上，于是一段霸绝神荒的惊世传奇就这么开始了！', '213', 'http://oyn1b4wss.bkt.clouddn.com/1510709200688', '2017-09-27 06:34:00', '25', '543', '1');
INSERT INTO `book` VALUES ('4', '摸金校尉', '盗墓', '18279668702', '3', '0', '0', '1', '上世纪80年代初，胡八一、王胖子、大金牙三个原本见财起意的生意人，在一次遇险逃亡路上无意中得到传说中的西夏镇国之宝，并在逃命过程中遭遇种种危险经历，最后三人觉悟，决定对抗各路夺宝势力，保护国宝文物的惊天探险之旅。\n小说了展现了原本为不良生意人的几个小人物从见利忘义到遇险觉悟，保护国家文化遗产的故事，体现了小人物的爱国情怀。', '6', 'http://oyn1b4wss.bkt.clouddn.com/1509538016321', '2017-11-01 20:07:14', '0', '234', '1');
INSERT INTO `book` VALUES ('5', '观念的水位', '社会新闻，时事政治', '18279668702', '14', '0', '0', '1', '作为国内公共领域最重要的声音之一，刘瑜的文字向来拥趸众多，之前的作品更多关注美国民主，与中国相关度不高。而本书更多关注东亚、中东欧、南美洲以及非洲国家的政治与民主化，比如英国、俄罗斯、委内瑞拉、赞比亚等，这些国家的民主化进程参差不齐，而很多情况与现今中国有较强的可比性，这无疑让《观念的水位》更生动，更接地气。', '5', 'http://oyn1b4wss.bkt.clouddn.com/1510708709967', '2017-11-15 09:20:33', '0', '4', '1');
INSERT INTO `book` VALUES ('6', '30岁赚千万', '智慧，知识，财富', '18279668702', '32', '0', '0', '1', '现代社会，经济得到了很大的发展，财富在生活中的角色越来越重要，这就要求每个人都要具备创造财富的能力。因此，年轻人都在想方设法地赚取财富。然而，有的人成功赚取千万，有的人却一事无成，他们之间到底差距在哪里呢？财富的真相到底是什么呢？', '0', 'http://oyn1b4wss.bkt.clouddn.com/1510709351612', '2017-11-15 09:29:44', '0', '3', '1');
INSERT INTO `book` VALUES ('7', ' 为什么你买不起房', '宏观经济', '18279668702', '33', '0', '0', '1', '为什么北京、上海房价比大多数内地城市高十倍？过去十年北京房价涨幅为何比青岛多五倍？为什么同样城市房价却有差距？哪些城市更值得投资？\n限制土地供应的城市，房价必涨！政府部门继续过分集中于大城市，房价必涨！大企业和大专学校云集特定区域，房价必涨！由大开发商垄断市场而缺乏中小开发商参与，房价必涨！', '0', 'http://oyn1b4wss.bkt.clouddn.com/1510711197336', '2017-11-15 10:00:30', '0', '23', '1');
INSERT INTO `book` VALUES ('8', '不衰老不疲劳的生活', '中医,女性,养生', '18279668702', '17', '0', '0', '1', '衰老与疲劳是现代女性健康与美丽的大敌。\n《不衰老不疲劳的生活》是佟彤2009年出版的《不疲劳的生活》的全新修订升级版。作者佟彤集合十余年的中医实践经验，遍访全国顶尖妇科医师、权威中医专家，总结数万案例精华，在《不疲劳的生活》基础上，新增了关于女性抗衰老防疲劳的内容，详述了女性、肥胖者、劳心者、心脏弱等最易衰老、疲劳的四种人，以及皱纹、脱发、漏尿、湿重、暴肥、疼痛等八大衰老预兆，详细呈现蜂王浆、人参、三七、红景天、维生素等养颜圣品的功效用法', '0', 'http://oyn1b4wss.bkt.clouddn.com/1510711276853', '2017-11-15 10:02:09', '0', '78', '1');
INSERT INTO `book` VALUES ('9', '深入理解计算机网络', '计算机理论,硬件,软件开发,人工智能', '18279668702', '57', '0', '0', '1', '全国网管技能水平考试认证专家王达最新力作，51CTO技术社区鼎力推荐！\n结合最新技术阐述计算机网络的体系结构、工作原理，以及各种通信协议实现原理\n包含近600幅图表，通俗易懂，极大程度降低学习难度\n本书结合最新计算机网络技术，全面、系统、深入地阐述了计算机网络的体系结构、工作原理，以及各种通信协议实现原理。', '0', 'http://oyn1b4wss.bkt.clouddn.com/1510711403032', '2017-11-15 10:04:01', '0', '456', '0');
INSERT INTO `book` VALUES ('10', ' 飞鸟集（果麦经典）', '亚洲小说,印度小说', '18279668702', '48', '0', '0', '1', '1916年第一次世界大战期间，因获得诺贝尔文学奖而在国际上名声大噪的泰戈尔到访日本。他被那里的生活和风光深深吸引，并接触到日本古典短诗——俳句。那些罕见的短诗或许在他身上产生了影响。他应青年们的要求，在他们的扇子或签名簿上写下一些文字，这些零星的词句或短文后来集结成《飞鸟集》出版。', '0', 'http://oyn1b4wss.bkt.clouddn.com/1510711575378', '2017-11-15 10:06:58', '0', '44', '0');
INSERT INTO `book` VALUES ('11', ' 小王子', '外国儿童文学', '18279668702', '72', '0', '0', '1', '遥远星球上的小王子，与美丽而骄傲的玫瑰吵架负气出走，在各星球漫游中，小王子遇到了傲慢的国王、酒鬼、惟利是图的商人，死守教条的地理学家，最后来到地球上，试图找到治愈孤独和痛苦的良方。\n这时，他遇到一只奇怪的狐狸，于是奇妙而令人惊叹的事情发生了……\n《小王子》犹如透亮的镜子，照出了荒唐的成人世界。她在提醒我们，只有爱，才是最高的哲学，才是我们活下去的唯一理由。', '0', 'http://oyn1b4wss.bkt.clouddn.com/1510711681175', '2017-11-15 10:08:05', '0', '67', '0');
INSERT INTO `book` VALUES ('12', '如何高效学习', '通识读物', '18279668702', '68', '0', '0', '0', '一位因为快速学习而成名的神奇小子，他应用自己发明的学习方法，完成了10天搞定线性代数，1年学习4年MIT课程的“不可能任务”。本书就是对他学习方法的全面介绍，其中包括整体性学习策略的核心思想和具体技术，详细介绍了快速阅读法、流笔记法、比喻法、内在化等七大方法，并为高效学习提供了从生活到时间管理的整体解决方案。跟随作者，你也将成为高效学习的超级学霸。', '0', 'http://oyn1b4wss.bkt.clouddn.com/1510711728610', '2017-11-15 10:09:21', '0', '87', '0');
INSERT INTO `book` VALUES ('13', '昆虫记', '生物', '18279668702', '55', '0', '0', '0', '《昆虫记》也叫做《昆虫物语》、《昆虫学札记》和《昆虫世界》，英文名称是《The Records about Insects》，是法国杰出昆虫学家法布尔的传世佳作，亦是一部不朽的著作。它不仅是一部文学巨著，也是一部科学百科。它融合作者毕生研究成果和人生感悟于一炉，以人性关照虫性，又用虫性反观社会人生，将昆虫世界化作供人类获得知识、趣味、美感和思想的美文，这本书以忠实于法文原著整体风貌及表达特色为选择原则， 让世界读者首次领略昆虫们的日常生活习性以及特征的描述等。《', '1', 'http://oyn1b4wss.bkt.clouddn.com/1510711826252', '2017-11-15 10:10:53', '0', '55', '0');
INSERT INTO `book` VALUES ('15', '颠覆者', '人物传记', '18279668702', '10', '0', '0', '1', '本书记录了周鸿祎先生从幼年时代开始，直到今天四十余年的传奇经历。\n周鸿祎先生的成长几乎伴随了整个中国互联网的成长，从90年代上大学期间在校园里销售反病毒卡，再到离职北大方正后创立3721；从与CNNIC的战斗，到成为中国雅虎的总裁；从互联网第一口水战，到改变互联网格局的3Q大战；从免费杀毒到360成功在美国上市……勾勒出了一位互联网老兵近二十年的创业江湖路。', '3', 'http://oyn1b4wss.bkt.clouddn.com/1511488930653', '2017-11-24 10:03:20', '0', '0', '1');
INSERT INTO `book` VALUES ('16', ' 你无法抵达的时间', '科幻,作品集', '18279668702', '5', '0', '0', '0', '《你无法抵达的时间》是夏笳的中短篇小说精选集，收录从她早期的“银河奖”获奖作品《关妖精的瓶子》、《百鬼夜行街》，到近期发表的别具韵味的《龙马夜行》、《晚安忧郁》等共十六篇作品。', '3', 'http://oyn1b4wss.bkt.clouddn.com/1511668883947', '2017-11-26 12:02:05', '0', '0', '0');
INSERT INTO `book` VALUES ('17', '不成问题的问题', '经典,短篇,小说', '18279668702', '1', '0', '0', '0', '老舍《不成问题的问题》故事发生在抗战重庆树华农场，农场管理者丁场长管理能力不行，但哄人能力一流，精通人情世故，在他治理下，大家整日偷鸡打牌，混日子。树华农场颓势一片，冒牌青年艺术家秦妙斋也掺和进来。留学归来尤主任接管农场后，开始整治作风，大家感到了自律和科学带来的愉悦', '2', 'http://oyn1b4wss.bkt.clouddn.com/1511670485423', '2017-11-26 12:28:43', '0', '0', '0');

-- ----------------------------
-- Table structure for chapter
-- ----------------------------
DROP TABLE IF EXISTS `chapter`;
CREATE TABLE `chapter` (
  `id` int(11) NOT NULL AUTO_INCREMENT COMMENT '章节编号',
  `bookId` int(11) NOT NULL COMMENT '图书编号',
  `name` varchar(20) NOT NULL COMMENT '章节名',
  `content` text NOT NULL COMMENT '内容',
  `wordNum` int(11) NOT NULL DEFAULT '0' COMMENT '字数',
  `state` tinyint(1) NOT NULL DEFAULT '0' COMMENT '状态（0-审核中，1-公共，2-VIP）',
  `time` datetime NOT NULL COMMENT '更新时间',
  PRIMARY KEY (`id`)
) ENGINE=MyISAM AUTO_INCREMENT=26 DEFAULT CHARSET=utf8;

-- ----------------------------
-- Records of chapter
-- ----------------------------
INSERT INTO `chapter` VALUES ('2', '1', '第一章：醒来', '方云的意识在黑暗中飘飘荡荡，也不知过了多久，终于静止下来。一团淡淡火光在黑暗中燃烧着，温暖着他的灵魂，让他渐渐恢复了一丝神智。\n\n“杨大人，小儿到底怎么样了？”\n\n黑暗中传来一个焦虑的声音，似远似近。\n\n“这个声音是谁？为什么样我会觉得这样的熟悉，这样的思念？”\n\n方云恍恍惚惚的想道，他还没有想到答案，便听到黑暗中传来另一个苍老。那声音带着一份谦卑一份恭谨，回应道：\n\n“夫人，小王爷脑袋受到钝击，所以昏了过去。只要休息一段时间，就可以了。”\n\n“这到底是怎么回事？我不是应该死了吗？”\n\n方云的意识在黑暗中飘飘荡荡，恍恍惚惚的想道。\n\n“嗯，没事就好。杨大人，麻烦你了。梁伯，去帐房支些钱给杨大人。”\n\n那声音又说道。\n\n黑暗中响起一阵脚步声，渐去渐远，至到了无声息。火光在黑暗中继续燃烧着，不断的温暖着方云，让他的意识越来越清醒，越来越强大。\n\n熟悉的声音，熟悉的对话，一股强烈的冲动充盈胸中。\n\n“他们是谁？为什么会这么熟悉？”\n\n一种强烈的痛苦和无边的思念在灵魂中燃烧起来，方云突然产生一种强烈的冲动，想要看看那个声音的主人。他想要跃起，想要睁眼。\n\n似乎感应到他的这股强烈的意念，黑暗中那团温暖的火光突然暴炸，一道门户出现在黑暗里，门户里是无边的光明。\n\n方云的意识猛的冲入了那片光明中，下一刻，方云终于睁开了眼睛……\n\n柔和的光亮中，一个美妇人出现在方云的眼中，她坐在床边，微蹙着眉头，正一脸担忧和自责的看着自己。美妇人年纪在三、四十许，头上插着一只碧玉簪子，长长的睫毛上，还挂着点点泪珠，似乎刚刚哭过。\n\n“娘……”\n\n方云怔怔的看着这名美妇人，近乎梦呓般喊出了这个名字。无边的思念在中心爆发，方云想冲上去，抱住这名美妇人。但他又怕，害怕这是一场梦境。害怕在他双手抱住她的那一刻，她会如泡沫般的破灭。\n\n“云儿，你终于醒了……”\n\n听到这声呼唤，妇人终于回过神来。长长的柳眉终于舒展开来，脸上露出一个喜极而泣的表情。\n\n“娘亲，真的是你吗？”\n\n方云睁大了眼睛，不敢置信的看着母亲。母亲的容颜比记忆中年轻了许多。\n\n“孩子，是娘亲，是娘亲……”\n\n方云的反应落在妇人眼中，那舒展的双眉再次蹙起，她似乎想到了什么，脸上再次浮现一抹忧虑的神色。一把抱过了方云。\n\n熟悉的温暖，熟悉的香味，方云终于相信，相前的一切，不是过度思念，产生的幻觉。他突然从床上仰起，双手用力的抱住了母亲。\n\n这一刻，方云看到了自已的手臂，很白，但比记忆中要瘦弱了许多。\n\n“娘亲，娘亲……”\n\n方云枕在母亲的肩上，一遍遍的呢喃着。让前熟悉的一切，让他有种落泪的冲动。\n\n“云儿，你怎么了？”\n\n妇人怔了一下，轻声道。她感受得到方云情绪的异常。妇人柔软白皙的手掌，轻轻的拍着方云的后背，安抚着他。\n\n这孩子从小性子倔强，这么久了，华阳夫人还是第一次看到方云表露出这样强烈的情绪。\n\n轻蹙着眉头，微微思索了片刻，华阳夫人似乎明白了什么，轻轻拍着方云的背部，柔声道：“好了，云儿。以后，娘不勉强你和平鼎侯、镇国侯的公子们一起去宫中了。”\n\n真实的触感，真实的嗅觉，真实的视觉，一切的一切都在提醒着方云，眼前的一切，并不是死亡时的幻觉。\n\n只有失去过，才知道现在的弥足珍贵！\n\n方云一句话不说，只是死死的抱着母亲华阳夫人。一种失而复得的幸福冲击着他的心灵，泪水终于如决堤一般，倾泻出来。与眼泪一起倾泄流出的，还有尘封于过去，充满痛苦和愧疚的记忆。\n\n…………\n\n大周立朝至今，一千二百六十余年。中土神洲历经战火、朝代更迭的中古时代，到此时，方迎来一段漫长的和平发展时期。\n\n到如今，大周朝士子千万，耕地亿亩，作坊成群。连贩夫走卒都能穿丝绸长衫，蹑绵缎步履。是真正的富庶之国，文明之邦。\n\n文以治国，武以安邦！\n\n大周朝坐拥中土神洲，周邻蛮荒、莽荒、狄荒、夷荒以及海外瀛荒，可谓强敌林立。立朝一千二百六十余年，武备不断，常备军力，一千六百余万！武力之强盛，可见一斑！\n\n一千多年的兵烽战火之中，大周朝也不知诞生了多少豪门世家，王侯将相！\n\n方云的父亲，方胤，便是因为战功煊赫，被封四方侯。\n\n四方侯方胤手握百万大军，坐镇南方荆洲边陲，镇压蛮荒丛林中茫茫的蛮族。四方侯坐镇蛮荒八年，部下大军斩杀的蛮荒异族近千万，真正的是尸堆成山，血流成河。蛮荒异族提起四方侯的名字，没有不谈虎色变的。\n\n四方侯坐镇南方八年，蛮荒异族不敢深入中土神洲一步。其威烈之盛，可见一斑。\n\n方胤有二子，长子方林，天赋绝佳。二十岁时，便达到了‘阵法级’的境界，在随忠信侯对北方狄族的战争中，立下赫赫战功。京中王公子弟第一的名头，当之无愧。\n\n有这样两名地位显赫的父亲和兄长，方云几乎不用怎么努力也是前途一片光明。\n\n而事实上，方云也选择了与兄长方林截然相反的道路，从文。\n\n方云从小就对武道不感兴趣，有兄长方林在，父亲的武道后继有人，方云对于习武也就没有多少动力了。家里人劝了几次，看方云意志坚定，也就没怎么勉强了。\n\n服锦衣，饮玉食，出入奴仆从群。这样的生活本来可以一直持续到方云生命的尽头，然而一场横祸从天而降。\n\n在方云二十四岁那年，兄长方林在对北狄的作战中，深入狄荒，最后被狄族大军包围，那一战，大哥虽然逃得了一命，却被狄荒高手，截去一条腿，废去一身功力。接回京后，郁郁寡欢，一个人深居简出。有一次，仆人去打扫房间，发现方林自刎在房间里。\n\n方家的气运，从此急转自下。\n\n兄长方林死后三年，父亲四方侯方胤，通敌叛国，罪证确凿。此事惊动大周朝人皇，亲自出手深入异国，将之击杀。\n\n消息传来，方云的母亲，华阳夫人自尽于府中，为夫节烈。\n\n同时，上京城禁军闯入方府中。方府上下三百口人，没有经过刑部审判，当日直接于崇阳门外斩首。\n\n……\n\n短短一日之中，方云父亡母丧，家抄族灭！\n\n这一切如同汹涌的潮水，席卷而来。方云只能目睹着一切在眼皮下发生，而无能为力。悔恨、痛苦、自责充斥心中。方云第一次对于当初弃武学文的决定，感到了后悔。但后悔已经迟了。\n\n当崇阳门下，三百二十道刀光在黑暗中掠过时，方云终于发出一声悔恨和不甘的怒吼。\n\n刀光掠过脖颈，方云的头颅高高飞起，他看到一道血柱从自已依然屹立的脖颈里喷薄而出，然后便是无边无际的黑暗……\n\n再次醒过来时，方云便出现在了这里。\n\n…………\n\n“好孩子，别哭了。你可是方家的男人，方家的男人是不能流泪的。”，华阳夫人心中不免诧异一阵，在她的印象中，这孩子可是第一次在自己面前哭。\n\n方云枕着母亲的肩膀，用力点了点头。他就像一个输光一切的赌徒，突然之间被退还了所有的赌本，拥有了人生的第二次机会。\n\n“娘亲，这次无论付出怎样的代价，我都不要让你再从我身边离开，”方云心中郑重的对自己说。不止是母亲，还是兄长，父亲……，方云失去了一次，决不想失去第二次。\n\n一切的一切，都恍如一场梦。\n\n只有方云心中清楚，这一切都是真实的，他拥有了人生的第二次机会。尽管不明白，这一切是怎么发生的，但方云明白，他决不会让这次改变命运的机会从手中溜走。\n\n感受着母亲身上传来的温暖，方云心情渐渐平静下来，这时才感觉全身一阵撕裂般的痛苦。\n\n痛苦，生病，太医，娘亲……，苏醒过来后，短短的一刻里发生的事情从脑海里涌过，渐渐和记忆里的一幕重合上。\n\n方云想起了一件事。\n\n十四岁那年，他生了一场‘病’。准确的说，是因为被平鼎侯、镇国侯的孩子联合起来毒打了一顿。起因是，小平鼎侯，小镇国侯咒骂四方侯出身低贱，方云是四方侯的孩子，是贱种。\n\n方云忍受不过，顶了一句。结果被两人暴打。这样的情况，本来不是第一次，只是这一次特别的狠。方云病了三天，母亲华阳夫人还请来了上京太医，为他医治。\n\n这件事，发生在方云修练武道后不久。正是因为这件事，十四岁的方云对于这种争斗和武道有了深深的厌恶，所以从此后，疏远武道，弃武从文。\n\n这件事，可以说是改变方云命运的源头。\n\n望了望两条瘦小的胳膊，方云终于确定了一件事。这不是记忆，而是眼前正在发生的事情。现在的他，十四岁，正是站在他一生命运的关口。\n\n这一年，方云十四岁。他还有十年的时间，来改变家人的命运！', '3305', '0', '2017-11-08 13:38:48');
INSERT INTO `chapter` VALUES ('6', '1', '第二章：王公子弟', '就在方云默默思考的时侯，远远的，突然传来“砰”的一声踹门的声音，紧随其后，传来一个雷鸣般的声音：“你们两个小杂种，我要把你们剁碎了！你们真是好大的胆子，敢欺负我小弟！……”\n\n“啊，痛死我了。方林，你死定了，你死定了。你居然敢掳掠我们！……”\n\n“放开我！你们这些卑贱种，我一定会告诉我爹，我要让我爹生撕了你，方林！……”\n\n方林的声音里，夹杂着两个少年的叫骂声。听声音，他们似乎一路挣扎，一路叫骂。\n\n猛然听到这两个少年的声音，华阳夫人赫然变了脸色，松开了方云，霍地站了起来。方云也趁势松开了手。\n\n“砰！”\n\n方云厢房的大门脚被一脚踹开，大门打开，一股狂风吹了进来。狂风里，一个青色劲装的青年大踏步走了进来。\n\n这青年长得浓眉大眼，气宇轩昂。只是这一刻，他的脸阴沉沉的，眉头微皱，眉宇间似乎酝酿着一团风暴。\n\n这人正是方云的兄长方林，在他的肋下，两个锦衣少年正在踢打，挣扎着。方林的两只手掌，像铁煅的一样，牢牢的抓住了他们的脖子，任他们如何挣扎，也无法挣脱，更别谈伤到他。\n\n还没等华阳夫人发话，方林两手一扔，像扔两个垃圾一样，把小平鼎侯、小镇国侯扔在了方云的床前。\n\n“小弟，我把这两个小杂种抓过来了。你想怎么折磨他们，随意！”方林指着地上的两人，说道。他说话中气十足，打雷一般，整个方府都能听得清清楚楚。\n\n“大哥！”方云怔怔的望着大哥方林。在他的印象中，大哥方林应该正在天蛇山上作从军前的训练。天蛇山到这里，至少要半日的路程。\n\n一股暖流在方云心中激荡。方家长子方林，除了武道天赋惊人，另外还有一个特点就是护短。这一点，特别表现在对自己的弟弟方云身上。\n\n在‘前世’，上京城中，只要是欺负过方云的人，无一例外，统统被大哥方林痛揍一顿。也是因为这个原因，方林几乎得罪了整个上京城的王公子弟。没有人什么人愿意和他走近，因为那样做，等于得罪整个上京城的贵族。尽管如此，方林却从不在乎。\n\n‘前世’，方林深入狄荒，被异族军队包围，也是因为他朋友极少。否则的话，只要救援及时，方林根本不会被狄皇座下的强者斩去一腿，郁郁而死。\n\n“即然我知道了大哥的命运，就绝不能让他再进入狄荒，重蹈覆辙！”\n\n方云这边想着，床塌前，小平鼎侯，小镇国侯却已经从地上爬了起来。\n\n“方林，你死定了，你死定了！……，敢惹平鼎侯府，你们这些贱种死定了。还有你，方云，还有你……，你也死定了。”\n\n小平鼎侯杨谦手指颤抖着，一会指着方林，一会儿指着方云，他脸色铁青，气急败话，说话都有点语无伦次了。\n\n“不错，你们两兄弟死定了。华阳夫人，你教的好儿子啊！……你这个贱妇！”\n\n小镇国侯也站起身来，他怒睁着眼睛，狠狠的瞪着华阳夫人，气得嘴唇都颤抖起来。\n\n两人本来正在学宫外游玩，这方林突然凶神恶煞的闯了进来。二话不说，出手就将两人带的人马打得人仰马翻，然后像提鸭子一样，叉着两人的脖子，一路拖到了四方侯府。\n\n平鼎侯和镇国侯在大周朝势力根深蒂固，是几百年传承下来的贵族，可谓家学源远。这一类的王侯，最是瞧不起四方侯这类从军伍中，一步步爬上来的王侯。视之为贱种。\n\n在上京城，像四方侯的这类侯爵，一般被称为平民侯。而平鼎侯，镇国侯这等有着贵族血脉的王侯，则称之为贵族侯。\n\n尽管同为军中权要，但贵族侯与平民侯从来都不是一条路上的。两者互不交往，彼此淡漠。\n\n小平鼎侯，小镇国侯出身显赫，受家族的影响，自然对于方云这样的王公子弟，极为瞧不起。甚至觉得，和方云同在学宫中学习，是一种莫大的耻辱，所以平常，百般叼难，拳脚相加。\n\n“啪！”[奇书网·电子书下载乐园—wＷw.QiＳuu.cＯm]\n\n这边小镇国侯刚刚骂出一句‘贱妇’，方林勃然色变，猛的上前就是一掌。李平只觉得眼前一花，还没明白过来怎么一回事，脸上就挨了重重一记。这一掌直打得他头晕目眩，气血翻腾，身子都滴溜溜转了一个圈，等停下来的时侯，半边脸都高高肿起，上面一个清晰的掌印。\n\n“小畜生，如果想少吃点苦头，嘴巴就放干净点。别以为你爹是镇国侯，我就拿你们两上小杂种没法子。告诉你们，今天收拾了你们，改天，我还要收拾你们上面几个哥哥。不打得你们皮开肉绽，以后看到我就尿裤子，我就不是方林！”\n\n方林眉宇满是暴戾，这次他是真的气急了。若不是顾忌会给父亲带来麻烦，方林连杀他们的心思都有了。\n\n方林生命中，有两个人最重要。一个是小弟方云，另一个就是母亲华阳夫人。谁伤了这两个人，简直比杀了他还要难受。偏偏这两个家伙不知死活，连他两个至亲的人都伤了。方林眼里已经有了血丝。\n\n“你！……”小镇国侯心中又惊又怒又怕，方林的行为一下子把他镇住了。他没想到，他居然真的敢对他动手。对上那一双赤裸裸，毫不掩饰杀机的双眼，小镇国侯终于相信，如果惹急了眼前这个莽汉，恐怕他会真的不顾后果，杀了自己两个人。\n\n小平鼎侯没有挨扇，但他也怕了。方林红着一双眼睛，怒气涛天的时侯，就像一只凶兽，非常可怕。他一时也被吓住了。\n\n“够了，”华阳夫人嗔喝一声，终于出面了。尽管她也不喜欢这两个狂妄的王公士子，但却不能不考虑到对方的出身。不管是平鼎侯还是镇国侯，位高爵重不说，在军中也是根深叶茂。两人在大周军队中的影响，绝不在四方侯方胤之下。更重要的是，这两位贵族侯在京中的势力盘综错杂，真要惹怒了这两人，只怕会给自己的夫君带来无穷的麻烦。\n\n“林儿，你到底知不知道你在做什么。你到底是在帮云儿，还是在害他？”华阳夫人声色俱厉，小平鼎侯，小镇国公虽然言行出格，但方林的行为也太过份了。平鼎侯和镇国侯府那两位夫人可以不管，但她却不能不管，至少也要做个样子，不要让这两府的人太难看。\n\n看到母亲出面，方林不禁犹豫了。对于母亲，他是即敬重，又畏惧。\n\n看到华阳夫人出面，一下镇住方林，小平鼎侯与小镇国公心思又活络起来。两人悄悄递了个眼色，杨谦定了定神，冷冷喝道：\n\n“华阳夫人，看你教的好儿子。等我们回去之后，说不得要让母亲上朝，向娘娘参你一个管教不力的罪名！”\n\n“不错，等我回去后。也要让母亲进宫，在娘娘面前参你一本！”李平也附和起来，一下子就恢复了神气。他两人出身侯府，对于察颜观色，抓人小脚的事情最是熟稔。这片刻的功夫，两人就看出华阳夫人是方林、方云两兄弟的痛处，弱点。\n\n“小畜生，你们两是找死！”方林听母亲说话，本来有了些松手的意思。这会儿闻言，不禁勃然大怒。他虽然看起来有些鲁莽，全凭意气行事，但事母极孝。此时听得两人三番四次出言侮辱自己的母亲华阳夫人，索性把心一横，一不做二不休，就要在侯府中杀了这两人。\n\n“砰！”\n\n方林周身振荡，抬手就是一拳挥劈过去，这一拳挥出，厢房中立时山崩海啸，整个厢房内的空气都卷动起来，形成一个个黑色的旋涡，满是剌耳的尖锐之声。与此同时，方林的体内，一圈晶莹剔透的光华喷薄而出，在在他的拳头上凝结成一团长约一尺，状如锋矢的蓝色华光。\n\n“罡气境！”看到一圈晶莹的光芒，杨谦、李平骇然失色。\n\n两人出身武侯世家，家学渊远。对于武道所知甚深。武学一道分为六层境界，叫做住胎六境。\n\n第一层元气境。即将天地间无形的元气吸纳进体内，和肉身融合在一起，增强身躯的力量。在军队里，具备这种境界修为的，可以做伍长。\n\n第二层真气境。将元气从肉身各处提炼出来，并加以凝聚，使之在体内流动循环，从而主动吸收天地间的天气，并壮大。这种层次的强者，在军中可以做到百夫长。\n\n第三层罡气境。真气进一步精炼，扩散出体外，凝而不散，就是罡气境了。罡气境的武者，威能进一步大增。这种境界的武者，可以做千夫长，手底下领一千名大周士兵。千夫长在大周军中，是重要士官。\n\n第四层气场级。这个级别的强者，罡气进一步凝结，变成气场，可以扭曲对方的攻击。达到这个级别，每一名武者都是大周皇朝的宝贵财富，称之为精锐士兵。这些士兵挑出来后，独立成军，由大周朝的王侯直接统率。\n\n第五层阵法级。要达到这个级别，需要领悟一些特别的法门，规则。阵法级的强者拥有一个显著能力，就是炼化。比如说将一座山炼化，并提取其中的灵气。\n\n在大周朝在军伍中，阵法级的强者，往往被调入京师，编成禁军，帮助拱卫京师。这是一种荣耀，同时也是一种天大机缘。因为凡是这个层次的强者，都能获得一次机会，从大周皇室的秘库中，获得一种失传的功法秘本。这些秘本，有些是上古失传的，有些是远古失传的，但却在大周朝的皇室中保留了下来。\n\n方云、方林的父亲，最开始就是在做禁军的时侯，从皇室中得了一本上古秘本，这才渐渐从军中脱颖而出。\n\n第六层住胎境。达到这种境界，居然开始领悟种种人体奥妙，并拥有某些常人根本无法想像的力量。\n\n住胎六境之上，据说还有脱胎境。那个境界就更加玄妙了。杨谦李平也听长辈提起过，但大多是只鳞半爪，听了几次也不太明白。只是记住了脱胎境这三个字。\n\n武道之途，极难修练。京中子弟，能修成真气境就不错了。但方林居然已经修成了罡气，而且看情况，也是罡气顶峰，快到突破到第四层气场级了。以他这样的修为，将来按照惯例，下放到军中，马上就是一个千夫长。\n\n修为达到罡气境，抬掌劈拳之间，周身自然有罡气鼓荡。罡气凝结如晶体，贯注到剑上，立即就要生成剑罡，贯注到刀上，便要形成刀罡，斩金碎铁，易如反掌。\n\n方林这一拳挥出，生出拳罡，斩金截铁不说，只是那股排山倒海般的力量，就能把眼前的李平、杨谦压成齑粉。\n', '3778', '0', '2017-11-11 19:48:26');
INSERT INTO `chapter` VALUES ('7', '1', '第三章：赌斗', '小平鼎侯、小镇国侯一下子骇得面无人色，他们没有想到方林居然这么大胆，居然这么的无法无天。他们闯进学宫的时侯，这么多人看着，谁都知道他们被四方侯长子带进了侯府。而他，这个方林，居然敢在侯府之中就要击杀他们。\n\n他难道就不怕给四方侯府惹来灭顶之灾吗？他难道就不怕镇国侯与平鼎侯联合起来对付他们吗？\n\n他怎么就敢这么做？！！这简直就是无法无天啊！\n\n两人大张着嘴，想开口讨饶。但狂风扑进嘴里，却是怎么都张不开。而且，他们此时真的已经被方林的无法无天吓住了，失去了言语。眼看方林意气用事，一拳就想要斩杀了两人，给四方侯府惹来巨大的灾祸。\n\n“大哥，住手！” \n\n危机关头，方云终于大叫阻止。他好不容易‘重生’回到了十四岁那年，拥有了改变家族命运的机会，怎么也不能容许这种事情在眼皮底下发生，加速家族灭亡命运。\n\n华阳夫人都没反应过来，方云却反应过来了。\n\n方云的声音很大，方林虽然心中杀机澎湃，但听到弟弟的声音，还是及时清醒了过来。磅礴的力量在距离杨谦、李平两人二尺多的地方停下，狂暴的力量化为风紊消散在空中，方林显露了一手收发由心的高明功力。\n\n“嗤嗤！”\n\n看着近在咫尺的拳头，杨谦、李平两股打颤，胯间湿淋淋的，一股尿骚味在房中扩散。这两人，在鬼门关前打了个转，吓得失禁了。\n\n“啪！”\n\n方林看着床塌上的弟弟，正想问他为什么会阻止自己，还没开口，脸上突然挨了重重一掌。\n\n“畜生，你想让方家灭族吗？”打出一掌的，是站在一旁的华阳夫人。与四方侯不同，华阳夫人是完完全全的一个普通人，手无缚鸡之力。\n\n方林出手太过突然，华阳夫人都来不及阻止。等反应过来，才感觉一阵后怕。平鼎侯与镇国侯都是大周贵族，祖上是大周的开国大臣。这样的世家，朝中、军中的势力极为可怕。若是平鼎侯与镇国侯真的联合起来，四方侯府极有可能大祸临头。\n\n方林挨了母亲一掌，所有的脾气一下子泄得干干净净。低着头，一声不吭。\n\n深吸了一口气，华阳夫人正对着杨谦与李平，说道：“两位小侯爷，这件事情，是犬子做的太过了。所谓子不教，母之过。华阳氏在这里向两位小侯爷道个歉。一会儿，我就差下人送两位侯爷回府。”\n\n华阳夫人微微躬了一礼。她说话的语气平静，给人一种很冷静，很理智的感觉。\n\n“这次犬子方林做得过了一些，让两位小侯爷颇多折辱，不过这也是因为两位打伤小儿方云在前。所谓一报还一报，这件事不如就这样算了，如何？”\n\n杨谦、李平没有说话，只是怨毒的看着这对母子。他们居然被方林吓得失禁，这简直是前所未有，丢脸之极的事情。他们什么时侯这样被人威胁过。尽管身体上没受什么伤害，但两人感觉心灵和自尊被扔了出来，放在地上让人狠狠的侮辱，踏践了一翻。\n\n“贱人，贱妇，等我回去之后，必定让娘亲入宫狠狠的参你们一本。……这口气，我怎么忍得下啊！”\n\n“方家兄弟好大的胆子，好大的胆子啊！居然敢在侯府之中就要击杀我们！等我出了侯府，立即让父王发大军围了四方侯府！……”\n\n两人眼中心思闪烁，却一句话不说。只是在心里放满了狠话。察言观色，辨明形势的功夫，两人耳薰目染，怎么不会。这个时侯，再强硬就是找死了。 \n\n华阳夫人是什么人，主持这么大一个侯府。什么阴谋诡计没见过，两人的心思哪里能瞒得过她。\n\n“两位小侯爷回去后，也要不想着，让两位娘娘入宫的事。这件事情真要闹到皇后娘娘那里，谁赢谁输还不一定。华阳氏虽不如镇国侯夫人、平鼎王夫人那般显赫，但也是朝廷亲自册封的一品诰命夫人。你们二人一口一个贱妇，一口一个贱人，华阳氏可以看在你们年纪小，不介意，但你们二人置皇家于何地？置皇室权威于何地。真要闹到皇后娘娘那里，华阳氏到时也参上一本，谁赢谁输先不说，至少，奏本到了皇后娘娘手里，你们两个少不了一个蔑视朝廷的大罪，马上就要下罪入狱，关进天牢。”\n\n杨谦、李平听得这话，脸一下就惨白惨白。大周朝律令，蔑视朝廷，那是要处劓刑的。\n\n“这还是小事，要是闹到了太傅那里，让朝廷的大臣们知道了，介入进来。到时，只怕皇后娘娘也压不下来，首先就要治你们娘亲的罪！”\n\n杨谦、李平的脸开始是惨白，听了这话，直接连一点血色都没了，嘴唇都颤抖了起来。\n\n“夫人误会了……，我们两个绝对没有这个心思，”杨谦哆哆嗦嗦，再不敢把眼前的美妇人当做普通女人看待。\n\n大周朝虽然以武立国，但却文武并重。以武护国，以文治国。军队与文臣之间，各司其职，互不干涉。\n\n儒家最讲究仁、礼，其中又以礼为重。大到祭祀典礼，小到王侯之间的衣着、纹饰，统统都是那帮朝廷文臣们管辖的范围。哪怕是哪位上京的王公与侍妾们幽会，只有规格上有一点点不对，让这帮文臣得知了，第二天就要轮翻登门说罪。\n\n平鼎侯、镇国侯虽然位高权重，在军中更是泰山北斗般的存在，但在朝廷的文官体系中，半点影响都没有。朝廷里那帮文臣，根本不卖任何武官面子。哪怕是皇后娘娘，面对这些文臣时，说话也得再三斟酌，绝然不敢有所出格。\n\n看到华阳夫人没松口，杨谦赶紧用胳膊肘碰了碰李平。李平这才醒悟过来，赶紧道：“夫人，我赶发誓。我们绝对没有这个心思。”\n\n华阳夫人这才点了点头：“即然话都说开了，知道是场误会，那就不妨这么算了。两位小侯爷，还请赶紧回府吧。免得几位娘娘着急。”\n\n杨谦、李平这会儿哪里还敢说什么。听得华阳夫人松口，两人如蒙大敕，几乎是连滚带爬的向门口跑去。\n\n“等一等！”方云突然道。\n\n杨谦、李平身体一僵，跨在门口，硬是不敢动，等反应过来，不是方林是方云时，两人相互一望，都从对方眼中看出了意外和惊讶。这个懦弱的小子，他跳出来干什么？\n\n方云跃下床来，走了两步，对方林道：“大哥，我知道你是为我好。但是这件事情，我想凭借自己的双手，自己解决。”\n\n“小弟……，”方林一脸不，不知道小弟想要干什么。\n\n“杨谦、李平，你们两人听好了，”方云定定的看着两人，那种平静的语气，有种特别的感染力，让人不禁想知道他到底想要说什么。\n\n“今天这件事情，我也不想借助我的大哥的手，这样是欺负你们。我也不想借我家族的力量，那是压你们。半个月后，我会再学宫中再见你们。到时，我要用我的双拳，亲手把你们打倒！”\n\n“哼，少来了，我们是不可能输的。如果我们输了，到时为牛做马，随便你提！”到底武侯世家的孩子，毕竟也有自己的脸面。两人无论如何也不相信，自已会被一个病恹恹的家伙打败。\n\n“好，这便算是我们的约斗了。上次你们两个人联手起来打我，不是让我学狗叫吗？我如果输了，就遂你们的愿，在学宫士子面前做狗叫。如果你们输了，我也不要你们为牛做马，我只要你们答应我一个条件！”方云这话一出，连华阳夫人都震惊了，她动了动嘴唇，想说什么，但还是止住了。\n\n杨谦、李平震惊的看了眼方云，这翻话一出，三人之间的事，就不再是少年人之间的赌气了。已经牵扯到了双方的家族。\n\n就是方林，也是狠狠的睁大了眼睛，像是第一次认识自已这个弟弟一样。在他的印象中，这斩钉截铁，破釜沉舟的话，根本不像自已这个一向有些怯懦的小弟会说出来的。\n\n“什么条件？”杨平嘴唇动了动，问道。\n\n“时间到了，我自然会告诉你们！”方云淡淡道，声音里显出强大的自信，似乎半个月后，输的一定是杨谦、李平。\n\n“好！半个月后，我们在学宫等你！”杨谦怒极反笑，深深看了眼方云，带着杨平拂袖而去。他心中打定主意，这次在四方侯府受到的耻辱，半个月后便在方云身上讨回来。\n\n打不过罡气巅峰的方林，难道还打不过一个废物般的方云？\n\n“小弟，你真的有信心吗？”等杨谦，李平一走，方林终于忍不住开口问道。\n\n“大哥，娘亲，我知道你们心中很震惊，觉得我这个决定牵扯进了方家，行为很冒失。但请你们相信我，我只是想证明，方家的子孙，绝不是孬种！”方云的眼神异常的明亮。如果是‘前生’，他可能会选择息事宁人，默默的忍受，但‘上一世’的遭遇早让他们明白，想保护自己，家人，唯有自己拥有强大的力量。\n\n华阳夫人身体震了震，眼中掠过一抹欣慰的神色：“云儿，即然你已经决定了。就努力去做，娘亲相信你！”尽管方云的决定有些冒失，但身为母亲，华阳夫人还是选择了支持自已的孩子。而且方云能决心练武，这也是她本身所愿的。\n\n方云感激的看了一眼母亲，然后转头看向方林：“大哥，一会儿，他们离开之后。你千万不要去找他们，这件事情因我而起，我想用自已真正的实力，去证明自已！”\n\n方林心中震动了一下，最开始，他确实是想一会儿偷偷溜出去，把小平鼎侯、小镇国侯毒打一顿，至少让他们半个月起不了床。一则为方云出气，二来也可以暗地里帮上小弟一把。但方云一说破，他还真不要这么去做了！\n\n“难得小弟有这种决心。对于一个武者，精神、意志和信念极其重要。我要是这么做了，故然能让小弟打赢他们两个，但小弟天生聪敏，肯定知道是我做的。这样，对他的精神信念必然是个大打击，认为自已胜之为武。往小了说，小弟可能一段时间精神不振，往大了说，小弟说不定从此一蹶不振，武道再无精进。如果真的这样，那就是我该死了。算了，还是让弟弟自己去解决，实在不行的时侯，我再出手。”\n\n方林心中暗暗思考，有了决定，于是点头道：“知道了。不过，小弟，那你可要努力啊。武道上面，如果有什么不懂的，就问我。天蛇山上训练也苦，我先在家里待个几天，享受享受！”\n\n“大哥，谢谢你。”方云感动道，知道天蛇山上训练苦是假，大哥想帮助自己是真。\n\n“自家兄弟，说什么谢谢。”方林拍了拍方云的肩膀道。\n\n“即然回来了，就待几天吧。不过，最多三天，你就必须返回天蛇山。朝廷的律令，岂能是随便就违背的，”华阳夫人开口道，目光掠过方云，华阳夫人眼中闪过一抹喜色。\n\n知子莫若母，方云什么样的心性，华阳夫人最是清楚。上有父亲萌护，后有大哥方林继承家业。方云修习武道漫不经心，没有什么上进心，要不然，就算杨谦、李平家学渊源深，也不可能将方云打成这样。\n\n方云出身侯府，相对平民也算地位显赫了。但华阳夫人清楚的很，这上京城根本不像表面那么平静。私底下的刀光剑影，暗涌汹涌，一个不小心，就可能万劫不覆。什么荣华富贵，涛天权势，一朝就能化为云烟。\n\n方云若是能够全心全意的修练武道，多一份保命的本事，那也是极好的。\n\n“林儿，你跟我出去吧，我有话对你说。你弟弟大病初愈，就让他好好休息一会儿吧，”华阳夫人说罢起身走了出去。方林的性格太过鲁莽，这样绝非好事。\n\n“是，娘亲。”\n\n两人出去后，方云独自坐在房中，一动不动。他表面看起来平静，其实内心早已波涛汹涌。\n\n刚刚发生的一切，都让方云有种如在梦里的感觉。是那般的真实，又是那般的虚幻。\n\n突然，方云起身，一把抄起厢房内，唯一一张檀木红桌上的青瓷茶杯。精致的瓷花，光滑的杯体，握在掌中，一种冰凉而熟悉的感觉。\n\n闭上眼睛，方云能在脑海中清晰的描绘出这只茶杯的纹路来。没有其他原因，只是因为习惯而已。在前世，方云这只茶杯用了二十多年，已经熟悉的不能再熟悉，方云甚至摸一下，就能从重量上的细微差别，判断出这只茶杯是否被人换了。\n\n“砰！”\n\n方云的脑海中，这只青瓷茶杯突然破碎，整个茶杯化为一捧轻烟飘起，消散。方云赶紧睁开眼，手中，茶杯依旧在，静止不动。手指尖的感觉是那般真实，方云心中却冲有种冲动，似乎手中的茶杯随时会破碎，化为青烟消散。\n\n“十年，我还有十年的时间来逆天改命，改写家破人亡的命运。就让一切，从现在重新开始吧！”\n\n…………\n\n四方侯府外，杨谦、李平以手捂脸，低头疾走。两人一身尿骚，若是被人在这里认出，也是丢脸之极。好在，大周朝国富民强，军力鼎盛。大街上，穿锦衣华服的人也不少，两人一路疾行，也没多少人在意。\n\n绕到一个行人稀少的屋宇墙角，两人停下脚步。\n\n“这次真是脸面都丢尽了，三个贱种！”李平恨恨骂了声，扭头看向杨谦：“这次你准备怎么办？难道真就这么忍了？”\n\n“忍？哼！”杨谦冷笑，眉间闪过一丝阴毒的光芒：“方林我是打不过，不过方云就不一样了。那个小杂种不知死活，居然敢挑战我们！方林护得了他一时，护不了他一世。等他一走，我们就找上方云，把今日受的折辱，百倍奉还给他弟弟！”\n\n李平不语，沉思的样子，突然抬起头，有些担忧道：“我看那小子主动挑战我们，怕是有所依仗，我们到时不会阴沟里翻船吧？”\n\n“阴沟里翻船，怎么可能？”杨谦仰面朝天，一脸不以为然。手臂一翻，从怀里摸出一物，放在掌心，却是一颗黑色半透明的珠子。珠子中央，隐约有个莲耦般的婴儿躺在里面。‘婴儿’一寸高下，仔细看去，居然和杨谦有七八分相像，就像另一个缩小的杨谦。\n\n“人级珠！”李平看清了这颗珠子，倒吸一口气。他出身豪门，也是见多识光，一眼认出了这枚练功圣品。\n\n武道一途，一步一个脚印，实打实来不得半点虚假。但天地造化之玄奇，并不是人力所能知。这人级珠就是武道修练的圣品。修练的时侯，将这珠子带在身上，就能数倍的提升修练速度。境界越高，提升的倍数越高。\n\n杨谦、李平都是元气级的修为，这种珠子带在身上。修练一天，抵得上普通人四、五天，端的是一件逆天宝贝。这种极为稀罕，居说搜尽中土神洲和五荒，也不过百颗，都是天地之初凝聚下来的。\n\n人级珠这种宝贝极好辨认，一个最大的特点就是珠子中央的三寸宝宝。任何人携带在身上，宝宝的脸孔立即变化为携带者的脸孔。传说中，人极珠这种特征，是因为长久与人相伴，珠虽养人，人也养珠。时间久了，吸多了人气，这珠子就变化出了人的脸孔。\n\n“外人只说我们贵族侯轻视平民侯，却哪里知道两者巨大的差距。不说其他的，就说这枚人级珠，搜尽整个四方侯府也找不出来。哼哼，方家那些贱种，哪里知道，没有长久的积累，如何出得了贵族侯。半个月后，我要让方云跪在我面前，学狗叫！”\n\n杨谦目光闪烁，眼神阴毒。', '5509', '0', '2017-11-11 19:52:14');
INSERT INTO `chapter` VALUES ('8', '1', '第四章：莽牛拳法', '清晨，寒气袅袅。\n\n四方侯府，紫龙园里，一条高大魁梧的身体，游走如龙，盘蹬如飞，他一边演练招势，一边讲解。\n\n“天地间充及着无穷无尽的强大元气，这些元气我们看不到，却真实存在。武道修练的第一步，就是要把天地间无形无相，却无处不在的磅礴元气吸引到体内，淬炼肉体，打好武道的基础。只有肉身强健了，才能容纳更强的力量。”\n\n方林以自己的修练为基础，详细的向方云解说自己的武道经验：“元气境最快的修练方法就是打拳，身随势走，同时控制呼吸，让天地元气慢慢的渗入体内。这套‘莽牛劲’是军中最基础的武学，虽然并不怎么高明，但却极为实用。用来吸引天地元气入体，最是实用不过。”\n\n一旁的亭子里，方云的蹲坐在台阶上。方林说的尽心，他听的也用心。几乎是一眨不眨的看着方林的演练，同时把他说的话一字不漏的听进去。\n\n方云心知哥哥方林天赋惊人，在前世，他已用实力证明了自己的卓越天赋。有这样一位大哥言传身教，却比什么明师都来得贴切。\n\n“莽牛劲第一式莽牛出洞！”\n\n“莽牛劲第二式莽牛奔野！”\n\n……\n\n方林为了让方云看清楚，特地散去了一身罡气，纯以肉身的力量演练这套军中拳法。他的肉体力量也极高，尽管散去了罡劲，但一招一式打来，也是拳风呼呼，有牛鸣之声。\n\n方云看得仔细，他平日里懒散，一套拳法打得似是而非，如今存了心思，再看起来，倒别有一翻感悟。方林教得更是用心，某些精微的地方，更是反复提醒，演练，让方云又有了新的感悟。\n\n“小弟，你看到好了。这套拳法打到深处，也是极为厉害的，”莽牛十八势演练到最后，方林突然屈身下蹲，然后猛然弹身而起。\n\n“莽牛冲撞！”方林吐气开声，同时双拳击出，这一下势若奔雷，快若闪电。方林身边的空气，猛烈的撑动起来，气流卷动，像两条大蛇，缠在方林粗壮的手臂上交缠变化。\n\n“哞！”\n\n一声震天的牛嗷中，方林两条手臂搅动的气流突然凝聚为两条栩栩如生的青色莽牛，两条莽牛浑身肌肉虬结，充满了暴炸的力量。一声长吟后，牛眼怒睁，四蹄同时划动，带着一股劲风如箭矢般飞了出去。\n\n“砰砰！”\n\n紫龙园里，两株碗口粗的虬梅被莽牛撞中，整条树干轰然碎裂，化为无数树屑四散开来。而树屑之上，更有漫天粉色梅花漫天飞扬。\n\n方云目中露出震惊的神色，这莽牛拳他也练过好几次，但也没想过能有这般的威力。方云看得清楚，大哥方林并没有使用身上的罡气，他发出的两道莽牛劲，完全是凭借肉身的力量，搅动空气，以巧劲凝成牛型。\n\n尽管修练到了罡气境，肉身会增强很多，但军中普通的莽牛劲，能练出这种毁灭性的效果，其天赋之惊人，可见一斑。\n\n“这招莽牛冲撞，普通人练到绝顶也就是拳风呼啸，洪亮如牛吼。要想发出两头牛形，对肉体力量有极大要求，还要配上一些细微的巧劲。以你现在的力量，还达不到要求。一会儿，我把决窍告诉你，等你力量到了，练起来自然水到渠成。现在，小弟你来演练一遍，我看你学的怎么样。”\n\n方林收功站立，脸不红，气不喘，显示了强大的武道修为。\n\n“嗯，”方云走出亭子，在方林身边站定。脑海里回想了一遍方林刚刚打拳的动作，方云深吸了一口气，将一套莽牛拳缓缓舒展开来。\n\n“莽牛出洞！”方云想像自己化作了荒野上的一只莽牛，清晨时，从洞穴内走出。\n\n“砰！”\n\n方云衣袍振荡，一拳打在空气里，发出砰砰响声，仿佛打在实物上一样。这是拳法修练到一定境界才有的。\n\n“小弟，你吸纳的天地元气不多，力量不够，但却已经深得了拳法的精髓，那就是拳意。力量不够，可以靠时间来积累，但拳意这种东西，只能用心领悟，死练是没有用的！”\n\n方林眼中露出一抹赞赏的神色，他的武学境界又比方云高很多，一眼就能看出方云的虚实。以方云的这种力量层次，能打出这种拳意，实在极为罕见。两人为亲生兄弟，看到方云有这种悟性，方林也真心的替弟弟高兴。\n\n“莽牛奔野！”方云幻想自己化做的莽牛空矿的草原上奔走，心灵中那种空灵自由的感觉。\n\n啪！\n\n虚空脆响，同样的招式，经过大哥方林言传身教，方云再次使出来时，有了截然不同的感觉。两条手臂灵活若同灵蛇，轨迹灵活、令人极难防御。\n\n“莽牛分鬃！”\n\n方云跨步进身，同时打出了奔牛拳的第三式莽牛分鬃，一套莽牛拳在他手底下施出来，如行云流水，极是极畅。第三拳打出，方云周身气流奔流，衣衫鼓动，一丝丝极难觉察的气流顺着全身毛孔，慢慢进入了体内。\n\n“这些应该就是天地元气了！”方云两世为人，对于武道有了新的认知。‘前世’的时侯，他于武道上无心精进，修练起来也是漫不经心。如今重新拾起武道，终于感觉到了一些从前没有注意到的东西。\n\n一丝丝的元气入体，慢慢的方云有了不一样的感觉，似乎自己的身体变得更加结实，出拳也更加有力。这是一种很微妙的感觉，要真要去说，方云的力量未必真的增加多少。\n\n武道一途是个循序渐进的过程，身体元气的增加，也不是那般容易。只有通过时间去打磨。\n\n呼！呼！\n\n方云拳出如风，脚下腾挪变化，意拳之中，带着一股莽牛的野性与自由。他已经完全沉浸在这套的大周军队的基础拳法中，心思默默感悟那天地间的元气。\n\n“第四式莽牛抵角！”\n\n“第五式莽牛怒吼！”\n\n方云又连续的使出了两招莽牛拳的招法，他已经完全忘记了紫龙园，亭子，忘记了一旁观看的哥哥。\n\n“小弟的天资真是不错，这么快就达到忘我的境界。或许，这次的事情也是一件好事，有了这次约战在前，小弟以后练武都会用心很多！以他的资质，将来在军中必能大放光明。大周军中，有我父子三人，以后也不用顾忌平鼎侯那些家伙了。”\n\n方林看得暗自点头，又瞧了一会儿，不想打扰方云，便悄悄的退出了紫龙园。同时传令侯府，让所有奴仆、婢女绕行，不要打扰园中的方云。\n\n“莽牛铁踏！”\n\n“莽牛甩尾！”\n\n方云一遍又一遍的将拳法使开，他已经不知道练了多久。额头上早就是汗珠密珠，后心更是被汗湿透，方云犹然不觉。\n\n人的体力毕竟有限，方云好几次感到筋疲力尽，就要倒在地上，趴下，但却被他咬牙坚持了过来。\n\n“练拳，练拳！父亲曾经说过，武道一途，讲究的就是意志与信念，天赋反倒在其次。我如果想拥有强大力量，去改变命运。如果连这点苦痛都熬不过，以后凭什么资格去妄想改变命运！”\n\n方云一咬牙，脑海里想起了自己熟读的儒家圣人名言，天将降大任于斯人，必先苦其心志，劳其筋骨，饿其体肤，空乏其身，增益其所不能，于是他一咬牙,又熬了过去。\n\n武道一途，讲究的是一个磨炼，每经一道磨炼，武道必然精进一层。一位武道宗师，首先必定是一个意志坚忍的强者。方云出身武道家族，平常这些武道箴言早是耳熟能详。\n\n把心一横，方云把心思全部集中到莽牛拳的招式，完全不去想身上酸痛的部分。这么一来，那种疲筋力尽的感觉果然没有那般强烈了。\n\n“莽牛冲撞！”方云双拳带起猎猎的劲风，风声如鞭子抽过，发出啪啪的声音。\n\n“砰！”\n\n方云双拳落出，两团空气从拳底炸裂开来，发出震耳的响声。\n\n“不对，这招莽牛冲撞，我使出来完全没有大哥的意境，一定是哪里错了。”方云终于停下，他低下头，蹙眉沉思，脑海全是莽牛劲的拳势。\n\n“小弟，休息一下吧！”一个洪亮的声音响起，游亭下，走出一个青色劲装的青年壮汉，正是方云的大哥。他手里抓了一只紫檀木的饭盒，大步走了过来。\n\n“小弟，你已经练了一整天的拳法了，应该肚子饥了。人是铁，饭是钢。武道虽然重要，但是没有体力，也练不下去，”方林笑道说，目光里满是宠溺。侯府中，最让他放心不下的，就是这个小弟了。父亲长年镇守蛮荒，所谓长兄如父，这上京城，只有他才能保护弟弟了。\n\n“一整天？”方云愕然，抬头看了一眼，这才发现，天空乌暗阴沉，不见星月。\n\n他忘了时间，在这紫龙园里，居然练了一整天的拳。\n\n“咕咕！”\n\n腹中一阵叫腾，发现过了一整天，方云才感觉到腹中的饥饿。他将全部心神集中到拳法、武道，忘却的不止是身上的疲劳、酸痛，连饥饿都忘掉了。\n\n“没想到这么快过了一天，真有些饿了，”方云不好意思的笑了笑，向方林身边走过去。\n\n“娘亲知道你一天没吃饿，怕你饿着，一直替你热着饭菜，赶紧吃了吧。”\n\n紫龙园中有许多休息用的桌椅，方林把食盒放到桌上，两兄弟相对而坐。\n\n华阳夫人替方云准备食物很丰盛，细闷的鸡汤、精抄的鱼肉、一小碟蒸包，还有几份小抄。方云坐在椅边，在微冷的夜色里吃着母亲准备的饭食，心里一片温暖。\n\n方云吃饭的时侯，方林就在一边看着，默带微笑。看到方云练功这般努力，他心中也颇为欣慰。\n\n“父亲大人若是知道小弟练功这般用心，一定非常高兴，”方林想起了自己的父亲四方侯方胤，蛮荒乃荒凉，穷苦之地，父亲已经有很多个年头没有回上京了。\n\n“小弟，刚刚看你皱眉苦想，是遇到什么难题了吗？”等方云吃完，放下筷箸，方林问道。\n\n“嗯，大哥你来得正好。你那招莽牛冲撞，我根本打不出那种拳意，”方云立即把心中的疑惑问了出来。\n\n“呵呵，”方林拂袖起身，大步走到园子中央，回头看着方云：“这招莽牛冲撞，其实是我以前修练的时侯啄磨出来的，在军中，并没有这种发力法门的。小弟，你看清楚了，这招使用的时侯，是需要肌肉配合的。”\n\n“武道练到身处，意志足够强大，便可以控制身上的每一块肌肉。肌肉震动，搅起空气，便能形成种种攻击法门。”\n\n方林说着，以极慢的动作，将莽牛拳最后一式，莽牛冲撞使出来。他的肌肉一块一块的抖动，仿如活物一样，每一条肌肉抖动，都能带动一阵风声，砰砰的空气炸裂声，令人心惊。\n\n方云目光望着前方，连方林什么时侯结束了拳法都没注意。他一脸出神，眼中只有方林刚刚发动‘莽牛冲撞’的身影。\n\n方林心中微笑，轻步走过去，提起桌上的食箸，悄悄离去。\n\n方林离去后不久，紫龙园中再次想起了猎猎的拳风声。\n\n一整夜，方云都没有休息，直到黎明时分，方才沉沉睡去。', '3925', '0', '2017-11-11 19:55:51');
INSERT INTO `chapter` VALUES ('9', '1', '第五章：兄弟情深', '“四方侯通敌叛国，罪无可恕。人皇手令，四方侯府所有人等，全部捉拿入狱，胆敢反抗者，杀无敕！”四方侯府大门洞开，一个皇宫老监尖着嗓子，宣读圣旨，他的目光蛇一般阴毒，在他身后，密密麻麻的禁军严阵以待。\n\n“将一干犯人，全部拿下！”一声令下，衣甲鲜亮的禁军鱼跃而进，如虎扑龙腾。\n\n“娘！”侯府正厅中，突然传来一声惊呼。\n\n“娘！”方云双目赤红，跪倒在地上，绝望的望着上空，在他的目光尽头，一名美妇横剑自刎，柔美的身躯贴着墙壁软软倒下，雪白的脖颈上，鲜红剌眼。\n\n……\n\n“啊！”\n\n方云猛然从地上坐起，额头冷汗如浆，他呼吸急促，久久才平息下来。\n\n“少爷，你醒了，”耳边响起一个少女的声音，脆生生，如夜莺。\n\n方云回过头时，看到一个穿着银鼠皮小袄的少女，规规矩矩的站在身边。方云认了出来，这个侍女是母亲身边贴心的侍婢，唤做柔兰。\n\n“夫人说，等少爷醒过来，让少爷到厢房中休息，外面天冷。”少女低下头，轻声道。\n\n方云这才发现身上多了一件狐皮底子的厚实披风，这种清晨，是一天中最寒冷的时侯。上京城中，过了深秋，天气便越来越冷。\n\n“知道了，你回去吧，”方云挥了挥手。\n\n“是，少爷。”\n\n侍婢离去后，方云并没有起身回房。他呆呆的坐在地上，脑中想起了许多‘前世’的画面。在他的记忆里，母亲的照顾，总是这样的无微不至，却又不让人轻易觉察。在方云的记忆里，母亲一直是以一种坚强的姿态出现，直到母亲的倒下的那一刻，方云才发现，母亲也是有柔弱的一面。\n\n习惯了母亲的翼护，直到她倒下的一刻，方云才发现，母亲也是那么的需要人去呵护。一个妇人，上京城这种危机四伏的地方，该是多么的如履薄冰啊！\n\n两世为人，方云才明白，母亲的不易！\n\n“娘亲！……”方云眼中湿润，梦中那一副场景似乎又在眼前交错，让方云鼻子酸酸的。\n\n“娘亲，相信我，从此以后，不会再让您再受委屈的！”\n\n方云站起身，抹去眼泪。他并没有回去厢房休息，然而在清冷的寒风中，又开始修练武道。\n\n“我没有惊天的福缘，也没有人强力的护拥。我唯一能依靠的，就是多出一世的记忆，和自己的双拳。”\n\n方云深深明白自己所面临的危机，多出来一世的记忆，并不能让他拥有多少优势。想要拥有强大的力量，足以改变命运的力量，他唯有苦修，比别人更加刻苦的修练！\n\n半个月的时间，方云都留在紫龙园中。华阳夫人已经为他请了半个月的休假，在这半个月里，除了必要的饮食，其余的时间，方云都用在了修练上。\n\n这种高强度的修练，让方云一天的苦功，相当于普通人修练五天的时间。要知道，一天十二个时辰，普通人用来修练的时是，最多也不过二、三个时辰，而其他时间，则要用来衣食、交际、睡觉。\n\n方云练功之刻苦，简直可以用疯狂来形容。方林和华阳夫人看在眼里，又是担忧，又是欣喜。方云一天的修练时间，几乎达到十一个时辰多，吃饭和睡觉，则只花了他一个时辰。\n\n方林和华阳夫人开始还担心，方云这种高强度的训练会压垮身体，因此还劝过几次。后来发现劝说没有效果，而且方云尽管一天只休息了半个多时辰，第二天却依然龙精虎猛，好像普通人睡眠了四五个时辰一样，便放下心来。\n\n十五天后，入夜时分。\n\n“莽牛出洞！”方云收拳于腹，霍的弹起，脚下三步之内，气流激荡，发出啪啪的声音，像鞭子抽动一样。跨腿进身，方云接着打出了莽牛拳的第二式。\n\n“莽牛奔野！”\n\n方云双拳出击，打在虚空中，大片空气炸裂，掀起一阵小范围的猎风。顺势抬腿进身，方云双拳一分，立马就是第三式：\n\n“莽牛分鬓！”\n\n方云口中闷喝一声，身前四尺外，空气仿佛变做了一处海波，分出一条笔直的气浪，好像莽牛奔驰时，背上飞扬的鬃毛。\n\n这个时侯就显出了元气境和普通人的区别了。普通人力量再大，也不可能在空气中打出一条明显的气浪。但方云刻苦的修练，加上他本就不错的资质，半个月的时间，相当于普通人三、四个月吸纳的元气量。\n\n此刻，方云体内每一寸肌肉都有元气渗入，论肉体的力量，方云比普通人强了至少有八倍。这样的力量，才有可能赤手在空中打出一条明显的气浪来。\n\n莽牛十八式，一招接一招在方云手底使出。方云周身的空气鼓荡的越来越剧烈，啪啪的空气撞击声，如如此起彼伏的海浪一样。到了最后，拳风，居然传出了洪亮如皮鼓般的牛鸣声。\n\n“莽牛拳第十八式莽牛冲撞！”\n\n方云脚踏连营，从第一式运到第十八式，双臂震动，如龙出渊，朝着前方轰出。\n\n咔！咔！\n\n只听得两声连响，三步外，两株手臂粗的虬梅齐中而断，树冠籁籁抖动，折向一边。\n\n“好！”方林大喜，叫了一声好，大步走了过来，方云练到这个地方，这莽牛拳便算是练成了。从拳风上看，方云体内元气聚集，已达到了元气境上层的境界。余下的，就是积累体内元气，同时准备突破到真气境了。\n\n武道之途，步步艰难。没有刻苦的修练，很难大成。方云虽然天资过人，同时也几乎是夜以继日的练功，但半个月的功夫，毕竟还短，要想达到真气级的境界，三个月都不可能。可是,要知道，方云的三个月，就相当于普通人一年的苦修了。\n\n“小弟，莽牛拳你已经练成功了。以后每天锻炼这套拳法，积累元气就是了。”\n\n方林眼中的兴奋毫不掩饰，笑得嘴都要咧开了。方云在短短时间内，修为大进，方林简直比自己的武道修为踏入了气场级还要高兴。\n\n“这也是大哥耳提面命，我才能在短时间内，抓住这套拳法的精髓！”\n\n方云收了功，脸色微见苍白。莽牛冲撞这招，极耗体力，饶是方云苦修了半个月，这拳一出，也几乎筋疲力尽。比练了一天的拳法还要累。\n\n“好了，我们亲兄弟，就不要学外人说这些了，”方林一把揽住方云的肩膀，用力的拽了两下，以示兴奋。\n\n两兄弟又聊了一会儿武道，方林终于道：“小弟，天蛇山那边已经传召我好几天了，昨天，猛虎大将军都出面了。不能再拖下去了。恐怕，你和杨谦、李平的决斗，我是赶不上了。”\n\n“大哥，你还是返回天蛇山吧。大周律令如山，虽然天蛇山只是常规训练，不属军营，但最好还是不要违背军令。至于杨谦、李平，大哥就不用担心。这两人虽然家学渊博，但志高才傲，目空一切。武道一途，意志与信念缺一不可，就凭他们两这种心性修为，再一百年，也成不了气侯，不足为患！”\n\n方云这话说得大了一点，但也颇有道理。方林回忆自己武道之途，意志与信念头确实远较天赋来得重要。大周军朝中，但凡有官职在身的，哪个不是意志坚忍之辈。\n\n“你都已经这么说了，大哥就相信你，不去理会那两个跳梁小丑。”\n\n夜色寂静，冷清的夜晚最易使人心生感触。方林望着自己的小弟，感觉短短时日里，弟弟似乎成熟了许多。心中颇是感概，叹息一声，对方云道：\n\n“小弟，方家只有娘亲，你，我，还有父王三人。虽然外人看我们，为侯为将，风光无比，但只有身处其中，才明白其中的艰险。父亲长年在外，在军中颇受排挤。平鼎侯、镇国侯他们早就想架空父亲大人，将他排挤出军中。父亲长年坐镇蛮荒，一则故然是替朝廷镇压边缰，另一则何尝不是为了保护母亲和我们。”\n\n“功名利禄虽然诱人，但一朝涉入其中，便很难抽身。父亲刚直的为人，不知得罪了多少人。一旦父亲军权被削，到时，等待我们方家的就是灭顶之灾！”\n\n方林说话时，眼神明亮，一片精明，哪里有半点平日里展露的鲁莽。方云睁大了眼睛，震惊的无以复加。这完全与他记忆中的不符。\n\n方云却是不知，他重新拾起武道，已经让事情和记忆中的发展有了偏差。\n\n“大哥，你……”方云张大了嘴巴。根据前世的记忆，方云一直先入为主的认为，大哥鲁莽的性格，才是造就他深入狄荒，最后被北方狄荒强者废去武功的原因。如今看来，大哥显然是扮猪吃老虎，隐藏自身。\n\n方林一只眼眨了下，狡黠一笑：“怎么，是不是很奇怪。哈哈，其实你想想就明白了。如果我真的那么鲁莽，怎么可能现在就踏入罡气级巅峰。”\n\n方云闻言释然，是啊。一个在武道上天资卓绝的人，怎么可能会是一个莽汉。\n\n“大哥，你厉害！”方云仰起头，心里极为高兴。他确实不知，如果不是他重拾武道，这些话，方林永远都不会跟他说。\n\n用力在方云肩膀上用力拍了拍，方林道：“小弟，我们走到这一步已经没有退路了。上次的事情，你也看到了。连平鼎侯、镇国侯几个庶出的幼子，也敢在我们侯府里，辱骂母亲。我若是表现的精明，只怕心里再愤怒，也没法像那天那样行事。父亲不在，我就是家里的男人，要承担起保护母亲的责任。”\n\n方林想起以往母亲所受的委屈，心里不由一酸。外人只说他们封侯拜相，风光无比，哪里又知道，在上京城里，他们也只是比普通人高一层的平民侯而已。即便封侯了，也永远要在前面加上‘平民’二字。\n\n四方侯比不得镇国侯、平鼎侯这些大贵族，没有与之抗衡的实力。为了护住方家，以往母亲也不知道受了多少委屈。每次看到母亲在那些娘娘面前受辱回来，方林都气得心里发狂。他能这么快踏入罡气境，也是心里有这股意志在里面。\n\n“小弟，听我说。这次天蛇山训练会持续很长，冬天过去了，我可能都不会回来。训练结束之后，按照大周律例，我马上就要离开上京，正式加入军伍之中。我离开这后，家里就剩下你和娘亲。你是家中的男人，一定要保护好娘亲！”方林眼睛里红红的，大周朝的调令已经提前下来，他已经得到消息，自己很快就要离开京城。\n\n“大哥，你放心吧。娘亲有我照顾，我是不会让其他人侮辱娘亲的，”方云神色坚定道。\n\n突然方云似乎想到了什么，脸色一变：“大哥，你马上就要从军了？”\n\n“嗯，怎么了？舍不得大哥离开啊？”方林摸了下方云的头，有些奇怪他的神色变化。\n\n“知道是调往哪里吗？”方云急急问道。\n\n“还不知道，”方林露出思索的神色：“不过，如果有机会的话，我想调往北狄！”\n', '3868', '0', '2017-11-11 19:56:30');
INSERT INTO `chapter` VALUES ('10', '1', '第六章：改动命运', '\n嗡！\n\n听到北狄两个字，方云脑海剧烈震动，像有数百个大钟同时震动，一下子就变得空白了。\n\n“弟弟，你怎么了！”正说着，突然发现方云脸色大变，皮肤惨白，毫无血色，方林大吃一惊。\n\n方云只看到大哥方林的脸孔在面前放大，一脸焦急的样子。那张熟悉的脸孔突然变得模糊。\n\n“哈哈哈！……”一阵凄凉而绝望的声音在脑海里回响，眼前的脸孔突然伤痕纵横交错，血污布满了整张脸孔。方云似乎又看到了哥哥在面前惨然狂笑，然后一路奔逃出去的样子。\n\n方云没有看到大哥自尽的场景，但他守在门外，看到了哥哥的尸体从房中抬了出来。那个时侯，他已经死了几天了，尸体都发臭，脸孔上，都是他极度绝望时自残的痕迹。\n\n那张脸孔，和哥哥焦急的脸孔不断的在脸前交映，时而合二为一，时而又变得模糊。\n\n“大哥，答应我，千万答应我。无论如何，绝对不要进入北狄！”方云摇了摇头，猛然抓住方林的手臂，急声道。他脸色苍白，像是遇到了什么可怕的事情。\n\n方林皱了一下眉头，嘴唇张了张，还是点了点头：“去哪里对我来说，都是一样的。不过，你既然让我不要去，那我不去就是了。——小弟，到底是怎么回事？你不让我去，总有个原因吧!”\n \n方云张了张嘴，犹豫了很久，才道：“大哥，你相信重生吗？如果我和你说，我是从十年后回来的，你相信吗？”\n\n方林呆了呆，就在方云以为他相信的时侯，方林突然大笑起来：“哈哈哈！”\n\n半晌才停住。\n\n“好了，小弟，我承认这个笑话很有意思.”方林喃喃念了几句‘重生’，摇了摇头，笑道：“小弟，等你武道修为达到住胎境，接触到脱胎境后，你就会知道。这天地间，是根本不存在这种重生的。” \n\n看方云还想说什么，方林神色一肃，郑重道：“小弟，不用说了，我答应你，不进入北狄就是了。不过你也要答应我，在我离开后，要好好照顾娘亲。”\n\n“嗯，大哥，你放心吧。”大哥并不相信自己说出的‘真相’，方云不知为何反倒松了口气。心里对自己说，只要大哥答应不去北狄，这就可以了。\n\n“莽牛拳，我已经没有什么可以教你的了。在离开之前，我想把我们方家的的‘左青龙探爪八势’教给你。当年父亲大人就是凭借这套绝学成功封侯。父亲传给了我，如今我再替父授艺，传给你，你可要看清楚了。”\n\n方云心中震动，这套绝学的名字，他早就听过。虽然是家传绝学，但前世因为对武道不喜，却从没看到过。\n\n亭台里，处处点着明灯。方林就在灯影里，将方家一脉的‘左青龙探爪八势’一一向方云演练。方林教的用心，方云也学的用心。一套绝学耍完，已经差不多子时了。\n\n“我们方家左青探爪八势是攻击绝学，是一门应用真气、罡气攻击的法门。修为越高，威力就越大。我现在还只能凝聚一条十丈左右的罡气龙，到父亲手里，就可以变化出数十里长的巨龙，喷火吐水、腾云驾雾无所不能，这也是父王能镇压蛮荒异族的原因。我离去之后，你要加倍练习。等你将这套绝学练全了，有机会的话，就可以去父亲那里获取另一本‘右青龙探爪八势’。这两套绝学相辅相成，修成之后，威力极大，神挡杀神，佛阻杀佛！”\n\n“我会用心的，”方云应道。\n\n“嗯，那我去了。好好保护自己，还有娘亲。”方林微笑着，向方云摆了摆手。\n\n声落，方林起身，抬头，目视夜空中的明月，脚下轻轻一蹬，便拨地而起。\n\n吟！\n\n一声清越的龙吟从紫龙园中响起，就在方云的目光注视中，方林猛的拨身而起，半空之中，便化作一条十余丈青龙，这青龙周身电光大作，在方云所坐的亭子上一绕，猛后猛然向东而去，没入茫茫夜色中。\n\n大周朝王公子弟，只要年满十岁，都要送入学宫之中。\n\n所谓学宫，是由朝廷文臣传授儒家孝、悌、忠、义、礼、信的地方，只讲文，不讲武。整个学宫，由朝中太傅负责。\n\n太傅乃是三公之一，也是当今人皇的文师。名下的学生遍布九洲十八省，朝廷里的二十七大夫，八十一元士几乎有一半是他的学生，听过他的课。这样涛天的权势，就算平鼎侯这样的人物，也不敢轻易得罪。\n\n方云乘坐马车出门，半个时辰后方才抵达学宫。宏大的学宫屹立上京城西北角，与皇宫相应对。方云坐在马车里，掀开窗帘一角，只看到无数的马车打着各家的旗号，将学宫马堵的水泄不通。\n\n“马车就在这里停下吧，”方云跟车夫打了声招呼，便从车厢走下来。\n\n学宫内的布置，方云几乎闭着眼睛也能想像出来。‘上一世’他在这里待了十多年，学宫里大到雕栏玉栋，小到花草树木，早已如数指掌。\n\n“小侯爷！”几个官吏的后代看见方云，脸上闪过畏惧的神色，低头叫唤了一声，乖乖站到路边。方林闯入学宫，带着杨谦、李平的事早已在学宫传开。这些人都是第一次知道，方云还有个这么厉害的哥哥。也有些学子看到方云，眼中闪过鄙夷，一个个远远的避开。\n\n方云心里清楚，这些人都是杨谦、李平那一派的。方云也不在乎，神色洒脱的沿着一条白玉石板道向学宫内走去。\n\n大周朝文武鼎盛，立朝一千余年来，造就的王公贵族不知凡几。这也造就了方云眼中人流熙熙攘攘的盛况。这些大周学子，三五成群，抱成一团，嘻笑论谈，每一群就是一个派系。\n\n方云走在人群里，各种声音都传入耳中。他上一世从文，此时再听到这些声音，总有些亲切。\n\n“方云啊，你上一世学了一辈子儒文，到头也是一个手无缚鸡之力的书生，看着家破人亡，也无能为力。这种事情，已经发生过一次了，你难道还想再发生一次吗？”方云察觉到这种情绪，暗暗警醒自己。长久的时间做一件事情，时间久了，总会受到影响。\n\n摇了摇头，方云平复了情绪，正要迈腿向学府走去，耳中却听到一阵娇斥声：\n\n“你们两个贱种，我抽打你们，那是你们的面子，是你们的荣幸。你们好大的胆子，居然敢反抗！”\n\n这个声音方云识得，是镇国侯府的一位女儿，唤做咏乐郡主。这学宫里，士子极多，方云前生也就和她打过几次照面，并无过多交往。唯一的印象，就是骄狂。\n\n这声娇斥夹杂在鼎沸的人群声中，不仔细听还发现不了。只听声音，方云也判断出来，这位咏乐郡主必定又是在欺压某些出身低微的士子。这种事情一直都有发生，禁也禁绝不了。若只是这样，方云也会不在意，伸腿走开就是。但偏偏他却从那几声惨号中，听到了一个熟悉的声音。\n\n“让开！”方云神色一冷，双手一下就拨开身前的人群，大步走了上去。他体内凝聚了大量的天地元气，力量极大，一下就分开人群走了过去。\n\n学宫里，一处面积极大，唤叫‘醉香亭’的游廊内，一名朱红衣裳的女子叉腰站立，她手中握着一根长鞭，横眉怒目，不可一世。在她身前，两名儒服少年学狗一般跪伏在地上，臀部拱起，上面的衣服都被鞭子抽碎了，露出一道道血痕。\n\n两个少年眼中含泪，屈辱之极，身体疼得直抖，却硬是没有哭出声。这样的地方，这么多人看着，屈辱远比疼痛来得厉害。但偏偏身前这少女的身份极为显赫，以两人的出身根本不敢反抗。\n\n张英，周昕！\n\n方云一眼认出了这两名少年，这张英是忠信侯所出，周昕是神箭侯所出。不过，虽然出身侯府，但这两人却与方云不同。张英和周昕并非正妻所出，也非侍妾所出，乃是庶出，他们的母亲分别是忠信侯和神箭侯的陪嫁侍女。\n\n大周朝极重礼仪，侍妻与正妻不得平起不坐，这种陪嫁就更是没有地位。母亲如此，张英和周昕在侯府中的地位可想而知，更不提忠信侯与神箭侯人丁兴旺，子女有十五、六人之多。\n\n上一世，方云与这张英、周昕是好友。几人性子合得来，同时又都不修练武道，可谓抱成一团，另成一派。\n\n“贱种就是贱种，不要以为父亲做了侯就有多了不起，告诉你们，平民侯就是平民侯，永远不可能和我们这些真正的贵族平起平坐。哼，我让你们不长眼睛，敢冒犯我！”咏乐郡主说得兴起，又是一鞭要抽下去。她有着一张娇美的面容，但挥动长鞭的时侯，眉宇间却是一片狂躁的气息。\n\n“住手！”斜刹里一声怒喝，咏乐郡主还没反应过来，就觉眼前一花，鞭子的另一端，已经握在另一个少年人的手里。\n', '3134', '0', '2017-11-11 19:58:00');
INSERT INTO `chapter` VALUES ('11', '1', '第七章：狭路相逢', '咏乐郡主先是一愣，待看清了来人，也不夺鞭子，只是冷笑：“哼，我当是谁。原来是你方云。怎么，你这个小杂种想替他们出头？”\n\n“啪！”\n\n方云手腕一抖，长鞭末端便从咏乐郡主手里挣脱，在空中一卷，狠狠一下抽在了这蛮横少女脸上。这一下，立马是一条红痕，连血都渗出来了。\n\n“你，你，你敢打我！……”咏乐郡主捂着脸，半响才反应过来，不可思议的尖叫。\n\n“哼，你刚刚说谁贱种？你母亲不过是平鼎侯的一个侍妾，地位低下，你凭的什么敢在这里叫嚣？张英、周昕虽是庶出，至少识得礼仪教化，没给母亲丢脸。你呢，一个女子家，不去好好学习剌绣琴棋，却在这里舞枪弄鞭，逞凶斗狠。你母亲若是知书达礼，岂会教出你这种没教养的女儿！”方云口枪舌剑，咄咄逼人，把个咏乐郡主驳得体无完肤。\n\n“这方云是怎么回事，他平时里不是特低调，不与人争么？怎么今日转了性子！”\n\n“这咏乐郡主手底下练过，平时里，三二个人根本近不了身，据然被方云一下夺了鞭去。只看这一手，这方云只怕是手底功夫了得。”\n\n“嘿嘿，这咏乐郡主平日里鼻孔朝天，眼比天高。学宫里被她欺负的人也不少，这下碰到对头了吧！”\n\n……\n\n周围的人三三两两，指着两人议论开来，神情兴奋，多是看热闹。也没有插手进去的意思。也有平日里受过咏乐郡主欺压的，这会儿看得颇为解气。\n\n地上，张英和周昕互相看了一眼。他们自认平日和方云也没有多深交情，不明白他为什么会帮助自己。但方云替他们母亲说话，这点比方云出手帮他们拦下鞭子更让二人感激。\n\n“你！你好大的胆子！”咏乐郡主手指着方云，气得全身颤抖，怎么也不敢相信，一个平民侯的孩子居然就敢打她。 \n\n“我乃王侯正妻所出，而你母亲却是个侍妾。你一个王侯旁出的子女，地位卑贱，居然敢在我面前口出狂言，就算打你又如何？你若是不知好歹，还要张狂，待会儿可就是不是一鞭子那么简单了！”\n\n方云说着踏前一步，直接逼到了咏乐郡主二尺之内。他这一步用上了莽牛拳劲的功夫，全身上下顿时涌起一股蛮横的气势，给人一种强烈的压迫感。这莽牛生活在旷野之上，最是自在，无拘无束，同时也是百无禁忌。它们犄角犀利，同时力量强大，就算老虎、狮子碰到了也要退避。\n\n“啊！”咏乐郡主被方云眼睛一瞪，顿时吓得噔噔后退。她毫不怀疑，如果她还敢在这里，方云真敢做出某些可怕的事情来。\n\n“滚吧！”\n\n方云舌绽如雷，咏乐郡主被她吓得脸色苍白，猛的拨开人群，头也不回的冲了出去，远远的还能听到她竭斯底里的哭骂声：\n\n“方云，你给我等着。我们平鼎侯府是不会放过你的！……”\n\n方云也没在意，这种叨蛮女子，只知道依仗家势欺压别人。揭去了家势这层皮，她们的里面脆弱的很。\n\n“谢谢你，”张英从地上站起来，感激道。\n\n“举手之劳。”方云淡然道。\n\n“这下可有点麻烦了，”周昕起身后，一脸愁容。\n\n“怎么了？”方云诧异道。\n\n“方兄可知这咏乐郡主一个侍妾的女儿，为什么敢这么娇狂？”\n\n方云摇了摇头，这种东西根本不会注意，怎么会知道。\n\n“咏乐郡主的未婚夫正是镇国侯平妻所出的幼子李平，按照我大周的律令，李平这样的平妻所出，成年之后，至少是个子爵的封号。而且镇国侯、平鼎侯有意联合，咏乐郡主与小镇国侯的联姻就是这么来的。这次你打了咏乐郡主，划花了她的脸。恐怕有大麻烦了！”周昕忧心忡忡道。\n\n“原来是他，”听到小镇国侯李平的名字，方云摆了摆手，满不在乎。李平和杨谦，就算他们不来找自己，自己也会去找他们。\n\n周昕也看出方云并未上心，眉宇间的忧色更甚。\n\n寒烟堂中，杨谦、李平被一群士子围着，正在阔论。突然耳边听到一阵哭声，鼻中闻到一阵香气，李平就觉得眼前红影一闪，怀中已经是软玉温香在怀。\n\n“小侯爷，你一定要替我出头啊。我被人欺负了，”咏乐郡主双手抱着李平，枕在他胸前嘤嘤哭泣。\n\n“谁？谁敢欺负你？”杨谦站起身，喝道。杨谦和咏乐郡主同为平鼎侯所出，杨谦能搭上李平这条线，也是因为咏乐郡主的原因在里面。\n\n“方云，是方云那个小贱种！”咏乐郡主哭得梨雨带花，听得兄长询声，抬起头来，恨声道。\n\n“什么？是他！”李平和杨谦同时一震，互相看了一眼。两人没想到方云那么大胆，一来学宫就有这样大的动作。\n\n“这个家伙，好大的胆子。这次娘亲给天蛇山施压，把方林调了回去，看这个小杂种还有什么依仗。上次还是打得轻了，这次非打断他的腿不可，否则他长不了记性！”李平眼中凶光闪烁，他和咏乐郡主的姻亲是两位侯爷首肯，双方娘亲促成。方云一鞭抽在咏乐脸上，却是痛在他心里。\n\n“小妹，带路，我们帮你找回场子！”杨谦捏紧了拳头，里面发出啪啪的声音，他的掌心里，一颗黑色的珠子转动着。他早估算着方云这段时间没来学宫，肯定在苦练，所以这段时间也没闲着。\n\n咏乐郡主在前，杨谦、李平在后，一大帮学子前呼后拥，向咏乐郡主所说的地方涌去。\n\n“在那！”\n\n方云正和张英、周昕走在人群，突然之间听到娇叱，转头望去，一眼就看到了人群里的咏乐郡主。张英和周昕也随后发现，两人脸色大变。\n\n“闪开！”\n\n一声蛮横的大喝，挡在方云身前的学宫士子被强行分出一条通道，杨谦、李平带着一大群人冲了过来，手一挥就把方云、张英和周昕围了起来，大有一副兴师问罪的架势。\n\n“方云，你是找死！”\n\n一声暴喝，李平二话不说，一拳劈出，带着猎猎劲风砸向方云。半途之中，他五指一张，化为虎形，正是基础拳法中较为高明的猛虎拳。\n\n啪！\n\n方云往后退了一小步，堪堪避过了李平的拳风，同时开口道：“李平，我们的约斗，这就开始了吗？”\n\n李平呆了呆，没想到居然被方云避过了。他可是知道，以前的方云是绝对闪不过他这一拳的。\n\n“不错，看来苦练了一番。可惜，还是斗不过我们！”杨谦目光一闪，心中冷笑。\n\n“约斗！”周围的王公子弟听得这句话，呆了呆，接着全身像打了鸡血一样兴奋起来。原来这三位之间还有这么场约斗。\n\n“约斗，哼，方云，你想得也太简单了。你若输了，不过每天让我们打一顿。我们想打你，根本不用你同意。这个条件得改一改。”\n\n“你想怎么改？”\n\n“很简单，你不是一直不服我们说你杂种，贱种吗？如果你输了，就当着大家的面，说上一句，我是贱种，是四方侯生的杂种。你们平民侯一脉全部都是杂种，贱种，没有资格和我们大周贵族的子孙平起平坐，”杨谦昂着头，以一种高高在上的恣态道。\n\n“好啊，就这么干！狠狠的羞辱他！”最先叫好的，却是李平身边的咏乐郡主。杨谦这个条件一说出来，咏乐郡主立即觉得比什么肢体折磨都来得痛快。\n\n有什么痛苦，要比灵魂和自尊的踏践来得更痛快？\n\n“不错，就这么做。”周围一干趋炎附势的王公子弟也跟着起哄。\n\n大周朝贵族侯与平民侯的矛盾一直都有。按照大周的律法，其实是不存在平民侯与贵族侯这一说法的，双方在爵位上在是一致的。但大周关于爵位继承方面却有着另外一条规定。\n\n新晋王侯的百年之后，只有其长子或长孙才可获伯爵封号，其余子嗣，概不封爵。\n\n也就是说，像方云和方林这样的出身。四方侯方胤死后，方云和方林不可继承他的侯爵爵位，也不能继承他的军权。而方林只能在朝廷里面记载个伯爵的封号，领取相应的傣禄。至于方云，根本没有继承爵位的权利，自然也没有傣禄之说，其待遇和平民无异。\n\n镇国侯、平鼎侯一脉的子嗣待遇却完全不同，长子可以继承父亲爵位和军权的同时，其他子嗣最次也能获个男爵的封号，每年从大周朝廷领取傣禄。\n\n这两种差别待遇，也是造成京中流传贵族侯与平民侯之说的原因。\n\n“如果你输了呢？”方云显得很冷静，语气间显露出一股强大的自信。\n\n“输？”杨谦怔了一下，他还真没想过这个问题。不过贵族侯的子孙自有其傲气：“哈，要是输了，你可以随便提一个条件，不过，必须要是我能办到的。”\n\n杨谦加了句。他并不蠢，要是方云说要他自杀，他也答应，岂不是蠢死了。\n\n“好，大家都听到了。既然小侯爷都这么说了，我希望大家都做个见证。”方云等的就是他这一句。\n\n“哗！”\n\n人群一片哗然，不可思议的看着方云。这其中对方云比较熟悉的，感觉方云半个月没来，前后似变了一个人般。\n\n人群里，两名俊美的锦衣少年同样并身而立，望着被人群围起来的方云和杨谦。这两人同样的气质出尘，如日月高悬，两人都是十五、六岁，比之方云等人又大了几岁。\n\n“世兄，看来我们没有对决出的东西，就要在这两人身上对决出来了，”左侧的少年身材修长，如剑指苍穹，他身上流露出的气息也是如剑出鞘，锋芒毕露。\n', '3394', '0', '2017-11-11 20:00:22');
INSERT INTO `chapter` VALUES ('12', '1', '第八章：势若雷霆', '“哼，两个小小的元气级士子，哪来的资格代替贵族侯与平民侯对决？”右侧的少年戴着紫金冠，身上流露出一种富贵之极的气息。\n\n方云此时正全神放在杨谦身上，并没有注意到亭外的事情。他如果看到这两人，必然会颇为吃惊。前者说话的少年，唤做严伦，父亲严直，是大周文曲侯。文曲侯祖上是文臣，大周开国时，是第一代太傅，在朝廷文臣中影响深远。即便当朝的三公与其家族有千丝万缕的联系。\n\n严伦祖父弃文从武，闯出一翻事业。虽然不是贵族侯，但其家族在朝廷的势力千丝万缕，根深蒂固，丝毫不比贵族侯差。文曲侯虽是由文入武，但论影响与势力，可谓平民侯中第一。\n\n紫金少年许权，父亲莽荒侯许渊，手拥百万重兵，守卫徐卫边界，镇压莽荒妖族。这莽荒侯原本的封号是威远侯，是大周贵族侯之一，因为武力显赫，替大周守卫东方，震慑妖族百年，战功彪柄，故改威远侯为莽荒侯，以示嘉奖。贵族侯中，莽荒侯一脉影响最大！\n\n这许权与严伦，身世同样显赫，深厚，非寻常王侯可比。非常人自有非常傲气，两人虽然言语平和，看似友好，但眼神交错间，锋芒四射，却是一对劲敌。\n\n“呵，我们两个不如也凑个热闹，赌斗一下如何？”严伦笑道。\n\n“你想赌什么？”许权负手而立，冷声道，并没有拒绝的意思。\n\n“若是方云赢了，我要你身上一卷《斩妖剑罡诀》。”\n\n许权脸色变了变：“你倒胃口不小，《斩妖剑罡诀》虽只是罡气境绝学，不是顶级的武道绝学，但也是我莽荒侯一脉独有。”\n\n“你莫非赌不起？”\n\n“笑话，好。我要是输了，把《斩妖剑罡诀》借你一观，你若输了，则需把《浩然罡气》借我一观！”\n\n这次轮到严伦变色了，文曲侯出身文臣一脉，这《浩然罡气》便是把儒家的浩然之气与武道相结合，也是文曲侯一脉独有。\n\n严伦盯了一眼远处的方云，断然说了一个字：“好！”\n\n听到这个字，许权脸上终于露出一丝笑容：“哈，忘了告诉你，平鼎侯次子平日与我有些往来。几个月前，我恰恰知道了那杨谦于求得了一枚人级珠。”\n\n“什么！人级珠！”严伦心中一沉。人级珠是什么东西，他可知道的清楚。拥有这种天地珍宝的武者，修练速度比常人要快上五六倍。杨谦有了这样东西，其武道修为之快，不言而喻。\n\n“被算计了，”严伦心里吞了一百个苍蝇般难受。这场决斗，基本没什么看头了。不过赌斗这种事，输人不输阵，再怎么样，面子功夫得做一做。\n\n“有人级珠又怎么样，我看那方云未必就差。”\n\n许权只是冷笑。\n\n“你们散开！”人群中，杨谦一句话，周围的士子全部退开，留出一大片空地给两人。\n\n“你们两个也退开吧。”张英和周昕会意，退了开去，这种比斗，他们是插不上手的。\n\n呼！\n\n周围的人刚一退开，杨谦抬手就是一拳劈打过去，使的赫然是李平刚用过的猛虎拳。同样一招猛虎下山，在杨谦手里和李平完全不可同日而语。\n\n杨谦一招出手，周围空气鼓荡，风声里，赫然传来一阵洪亮的虎啸声，势头如一头猛虎从山上扑下。周围士子看向杨谦的目光顿时变了。这杨谦虽然高傲，手底下功夫不差。\n\n方云身子一挺，脚下往侧方轻轻一窜，众人立即从方云身上感觉一股狂莽的气势，如一匹莽牛正舒展四蹄在原野上奔驰。\n\n“莽牛奔野！”人群之中，立即有士子认了出来。这莽牛拳并不是多么高明的拳法，识得的人不少。只不过，在众人的印象中，莽牛拳从来都是用来攻击，劈打的。谁也没想到，莽牛奔野这招居然还能在这种情况下，闪避对手攻击。\n\n方云一招‘莽牛奔野’利用骤然加快的速度闪过‘猛虎下山’，立即就是一拳轰出，拳尖空气炸裂，一条气浪笔直的射向杨谦。\n\n“不好！”杨谦根本没料到方云身手这么快，眼前一花，一只拳头在眼中越来越大。杨谦毕竟是侯府出身，一身家学渊源，危机时刻，手臂一竖，挡在身前。\n\n砰！\n\n拳臂相交，杨谦只觉得被一头莽牛撞中，手臂几欲断裂。他也是元气级的修为，周身血肉早已与元气相融，强悍无比。方云只一招，立刻就让他感觉到了压力。\n\n“他的力量比我大，我不是对手！”杨谦心里骇然，这个结论得出，他几乎不敢相信自己的判断。这才多久？十五天，才十五天，这个方云怎么会有这么大进步。\n\n啊！\n\n杨谦正在计较两人的力量，突然听得人群惊呼。一阵劲风呼风，耳朵里立即听到了一阵洪亮的牛鸣，似乎一匹肌肉虬结，满身横肉的莽牛正怒睁着眼睛，向自己冲来。\n\n莽牛怒吼！\n\n方云左拳被挡，右脚踏步欺身，又是一拳轰出，赫然是第五式莽牛怒吼。老虎为百兽之王，虎啸一声百兽慑服。然而莽牛生活在旷野之中，生性自由、散漫、狂野。当一只莽牛发怒的时侯，眼睛血红，铁蹄飞踢，不管什么东西挡在身前，都要一头顶飞。那狂野霸道的力量，能将一棵合抱的大树撞折，就算老虎、狮子遇到，也要退避。\n\n哞！\n\n方云周围四尺之内，空气被撕扯成无数碎片，漫天的气流互相冲撞。劲风之中，隐隐传来一声洪亮的牛嗷，脚下的地面都隐隐震颤，似乎真有的一头发狂的莽牛狂奔而来。\n\n这一下，不止是周围观战的学子。就算是许权也变了脸色。方云手中的‘莽牛劲’和一般的元气级武者已经完全不同了，就算遇上真气级的武者，也有斗上一斗的资格。\n\n“方林！”许权一下子想起了一个人，这种气势，这种霸烈的味道，他只在一个人身上看过。那个时侯的许权就相当于现在的杨谦，而那个时侯的方林就相当于现在的方云。\n\n砰！\n\n方云的拳头就像一头莽牛的铁蹄，挟着万均之势，在杨谦这匹拦路虎的额头上，重重的踏落下去。砰的巨响声中，杨谦被一股无法抵御的蛮力击中，惨号一声，高高飞起，然后被方云重重的摁到地上。他的额头，皮肉炸开，大量的鲜血迸射，一下弄得他满面血污。\n\n在他倒下的时侯，一颗黑色的珠子同时飞了出去，落在三丈外，在地上滴溜溜旋转。\n\n“杨兄！”看到杨谦重重的飞出，满脸鲜血，李平暴吼一声，“唰”的一声冲过来，一招猛虎探爪伸了过来。\n\n“哼！”方云踏步欺身，不闪不避，一招‘莽牛抵角’递出，亭台之中，众人耳中满是洪亮的牛嗷声。只听‘咔嚓’一声，李平双臂骨脆，身子弓起，稻草人般飞了出去，重重的撞在朱红的亭柱上。\n\n“怎么可能！”李平坐在地上，双臂耸拉下来，巨大的震惊压过了肉体的疼痛。\n\n在旁观战，远不如亲身经历来的强烈。李平开始以为杨谦被打倒，是因为太过大意。直到亲自出手，才直正感受到方云可怕的力量。\n\n这才多久的时间了！李平清晰记得，半个月前，两人暴打方云的时侯，就像打一条狗。才这十五天的时间，双方就完全倒过来了。\n\n“你输了！”严伦目视前方，微笑道。\n\n“哼！算你走运！”许权冷哼一声，随手甩出一本册子，狠狠的看了一眼远处的方云后，甩袖而去。\n\n严伦手一抄，将许家的《斩妖剑罡诀》接在手里。这本他本来汲汲于求的剑道武经，此刻已变得索然无味。\n\n“好可怕的战斗天赋！”严伦表面平静，内心却震骇不已。以他罡气级的修为，并不把方云表露出来的力量放在眼里。真正让他震惊的，却是方云表现的战斗天赋。严伦明白莽牛拳这种基础军法，在他手里决不会比方云发挥出更强的战斗力。\n\n猛虎拳比莽牛拳强，这一点上京王公士子中是公认的。杨谦虽然狂妄，但猛虎拳的修为不可谓不深，但与方云一比，却黯淡无光。\n\n莽牛奔野闪过猛虎下山，以莽牛分鬃逼得杨谦防守，同时吸引他注意，而真正的力量则在紧随其后的莽牛怒吼上。三招莽牛拳法衔接流畅，运用妙到毫巅，几乎是完全为克制杨谦的猛虎拳而生。这场战斗，在杨谦主动发出‘猛虎下山’时，就已经注定杨谦再无出招的机会。\n\n“父亲大人曾经说过，武道绝**用之妙，存乎一心。有强大的招法绝学故然好，但一场战斗的决定因素，往往还武者本身，”严伦心道。', '3040', '0', '2017-11-11 21:04:21');
INSERT INTO `chapter` VALUES ('13', '1', '第九章：喝退', '“小侯爷！”战圈外，两声惊呼，跟随杨谦的两名护卫终于反应过来战圈内发生了什么。两人也没有想到，以自己少爷的修为，居然会在方云手里支撑不过三个回合。要知道，杨谦半个月前殴打方云的时侯，两人可是亲眼目睹的。\n\n呼！\n\n两股劲风扑面，战圈内已多了两名气息强大的护卫，两人脚不沾地，轻轻一跃，就投燕一般掠向方云。\n\n“你们好大的胆子，就不怕流放二万里，发配吠陀洲做苦力吗？”看到这两名护卫凶神恶煞的扑过来，方云当即站定，双目怒睁，张口就是一阵怒斥。\n\n方云前世熟读儒书，于儒家文礼上的成就极高，还深得数位朝廷颇有实权的大儒赏识。儒家修身讲究养一口浩然正气，方云长期浸淫儒学，身上自然而然带有了这种气息。\n\n‘上一世’的时侯，他武力卑微，到如今，武道略有小成，深得拳意、气势四字要诀。这一声喝斥，两名护卫立即感觉身前站了一位朝廷顾命大臣，一脸正色的斥责两人，要将两人发配到遥远苦寒的吠陀洲。\n\n如同大热天被冰水浇下，两名护卫神色一窒，居然再不敢上前。\n\n大周朝律法森严，在儒家文臣把持下，礼法一道深入人心。大周朝等级森严，方云这种王侯世子，绝不是他们两个没有爵位，没有背景的护卫能招惹得起的。大周朝对于这种以下犯上的士卒，从来都是废去武道修为，发配遥远的吠陀洲做苦力。\n\n吠陀洲远离中土神洲，又贫又瘠，三万里土地一片荒凉。大周朝一直都是作为犯人的流放之地。一朝发配那里，基本上永无回来中土的希望。\n\n一句话震慑住两名侯府护卫，方云低头捡起杨谦身上掉落的珠子，只瞧了一眼，眼睛便猛的一亮。\n\n“人级珠！”毕竟是侯府出身，见识也差不到哪里去。一瞧见这粒珠子中央的鼾睡的婴儿，方云便认出了这件宝贝。\n\n“若是有了这件宝贝，我修练一天就相当于平时的六天，相当于普通人二十四天！！”方云心中震惊不已，武道一途没有捷径可言。方云就算占了一世记忆的便宜，但要想在武道上精进，也要日以继夜的苦练。但有了人级珠这种宝贝，便完全不一样了。\n\n在人级珠身上，方云看到了一条短时间内，武功精进的路途。\n\n“没想到杨谦这种旁出世子，身上居然有人级珠这种宝贝！”方云心中很快有了决断，这颗珠子，他是非要不可的。\n\n“方云，你到底修练了什么妖术，魔功！！我有人级珠，一天相当于常人五六天的修练，怎么可能打不过你！”另一边，杨谦在两名护卫的掐弄下，终于醒过来。他也顾不得去止血，满脸惊骇的冲着方云大叫。\n\n人级珠这种宝物，以平鼎侯这种贵族的积累，府上也不过区区几颗。四方侯这种新晋侯爵，根本是想都别想。杨谦想不通，方云怎么可能会在短短时日内表现出如此强大的修为。\n\n方云根本懒得理他。杨谦这种养尊处优，娇生惯养的贵族士子哪里知道他修功的艰辛。方云这一身强悍的力量，完全是他把一个时辰扳成两份，疯狂地修练得来的。\n\n他杨谦怀揣着人级珠这种至宝，躺在床衾上熟睡的时侯，怎么知道他方云正在冷夜中刻苦修练。且不提练功刻苦这一点，上一世的时侯，为了唤回方云对武道的兴趣，华阳夫人不知使了多少心思，让无数护卫或有意、若无意的在方云面前切磋、战斗。\n\n仅仅这多出来的十年见识，就足以让方云把杨谦远远的抛在后面。在战斗意识方面，两人远不是一个层次！\n\n“杨谦，记得我们的赌约吗？我现在有想法了，”方云食中二指伸出，捏着斗大的人级珠，微微旋转：“我就要这个东西，我就要你身上的人级珠！”声音斩钉截铁，不容商量。\n\n杨谦愣了下，猛的从两名护卫怀里挣脱：“不行，这颗珠子绝对不能给你！”\n\n“你想诈赌吗？”方云二指一屈，把人级珠收入怀内，冷冷道。\n\n杨谦冲出的脚步停了下来，摇了摇头：“不，换其他的条件，以后我们遇到你可以退避三舍。这颗珠子你还我！”\n\n“现在你们没有资格谈条件，”方云以一种居高临下的眼光看着他们，他就是要用这种方式狠狠的踏践他。在上一世，方云厌恶武道，在某种程度上，也是因为两人半个月前的一顿毒打。\n\n方云以自己的刻苦努力，才获得现在的力量，自然再也不用对这些家伙客气。\n\n“不……，”杨谦声音一顿，目中闪过许多思索的光芒，突然一指方云，大叫道：“我知道，你肯定是勾结了那些方外妖道，修练了他们的武功。否则的话，莽牛拳是绝对不可能胜过我的猛虎拳的。”\n\n大周朝廷之外，有许多的门派，修练各种武道。不少门派存在的时间，比大周朝廷还久远的多。传承的武道，更是可以追溯到上古、远古，连武道鼎盛的大周朝廷也管辖不了他们。他们自称道门、魔门。\n\n但不管道门、魔门，大周朝廷统统驳斥为妖道！一旦修练，不管是朝廷还是军队，永不录用！\n\n“邓茂，何仪，给我上。抢回人级珠，打伤了他，有我娘亲担着，弄死了他，有我们平鼎侯府担着，不用怕！这家伙和邪道有染，按大周律令，死了也是白死！”杨谦狞声道。\n\n“是！”邓茂、何仪应了一声，十分兴奋。有了杨谦的命令，出了什么事，也自有他担着。反正周围目睹的人多，就算事发，到时也可推脱干净。\n\n“我倒是想看看，你们谁敢动手！”一个威严的声音传来，人群分开，严伦傲然挺身，迈步而来。\n\n“小侯爷！”看到这人，两名护卫神色微惧。严伦的身份故然特殊，但更令人敬畏的，是他的两条手臂。\n\n严伦一身武道，早就是踏入罡气境了。加上一身家学渊远，两名护卫还真不是他的对手。\n\n“世子！”看到严伦，杨谦神色一凛。两人差别才是真正的‘平民’与‘贵族’。\n\n两人一个是旁出，一个则是正出。严伦身份就如同平鼎侯府正出的长子，以后是要继承王侯之位的。文曲侯的身份地位特殊，这种侯府世子，根本不是杨谦能比。\n\n“我在亭外都听到了。你们既然立下了赌约，就该依赌约执行。食言而肥？哼！我们大周的士子什么时侯出了你们这种货色？”严伦背着手，俯视着杨谦，神色冷竣。\n\n“这……”杨谦神色又惊又惧，如果严伦插手进来，丢了人级珠事小，丢了平鼎侯府的脸面，可就真正的事大了。\n\n方云反倒冷眼旁观，严伦这种大世子，他是认得的。不过，方云并不认为自己与这位平民侯中的贵族有什么交集。\n\n“你不会是想反悔吧？”严伦的目光像刀子一样，一下剌进杨谦心里。\n\n杨谦心中颤抖一下，神色阴晴不定。终于一跺脚，招呼了一声李平，恨恨道：“我们走！”\n\n毕竟是武道世家，李平虽然断了两根臂骨，但还多少忍得住。狠狠的看了一眼方云，李平愤愤的跟着杨谦走了。两人这次跟斗是栽到底了。\n\n“方云，我们的事情还没完！……”人群里，杨谦放下一句狠话，扬长而去。\n\n方云冷笑，杨谦这种人，手中握着人级珠这种至宝，居然还被自己打败。现在没了人级珠，他再刻苦十倍也不是自己的对手。两人的距离只会越来越大。\n\n“世子，多谢了，”方云拱了拱手。严伦的身份虽有些特殊，但毕竟都是平民侯一脉所出，在不必要的情况，没必要得罪。\n\n“举手之劳，”严伦摆了摆手，自有一股大家世子风范，从怀中掏出《斩妖剑罡诀》，严伦晃了下：“说起来还要感谢你，若不是你，我还不能从莽荒侯世子手中得到这卷武经。”\n\n“许权！”方云心中微震，微一思索，便明白刚刚一幕必是落入到这两人手中。自己无意中助严伦夺了一卷《斩妖剑罡诀》。\n\n“世子言重了，这是世子眼光独到，洞察先机，与我却是关系不大。我还有事，就先走一步了。”方云说完，迈开脚步，大步走了。\n\n文曲侯的身份毕竟太过特殊，介于平民侯与贵族侯之间。对于严伦还不了解之前，方云不欲和他有太多交集，反正留下一线，日后自有攀谈的机会。\n\n“无妨，”严伦目视方云离开，心中感觉愈发的奇妙。\n\n学宫中的士子也是分为三六九等的。严伦的身份，无疑是排名顶尖的。一身罡气级的修为，纵眼学宫，能相比的也不多。至少方云，虽然一举击败了杨谦、李平，但元气级的修为，注定还属于学宫较低的层次。\n\n他文曲侯的大世子，以往折节相交，没有敢不给他面子的，一个个都表现的诚惶诚恐。从没有方云这般不拿他当回事，拒人于千里之外。\n\n“有意思，”严伦望了眼方云的背景，举步走开。', '3176', '0', '2017-11-11 21:04:47');
INSERT INTO `chapter` VALUES ('14', '1', ' 第十章：竹轩楼', '学宫里教习骑、射、礼、义、乐，都是儒家所倡。在这些儒家文士讲授的时侯，一间间学宫堂厅里静悄悄的。再张妄的士子，在这些儒家文士面前，也乖的像绵羊一样，不敢惹什么事。\n\n学宫里讲授的东西，在上一世，方云都已极为熟悉，已经没有必要再浪费心思，便把全部心神放到了揣摩武道上。\n\n张英、周昕听讲的学堂与方云不在一处，等讲学的儒家文士们离开后，方云想见见他们，却发现这两人早已离开。\n\n“罢了，反正都在学宫里。以后有的是机会见面，”这么想着，方云也没往心里去。\n\n一连数日，方云回去之后，都留在紫龙园中勤修苦练。有了人级珠，方云的修练速度果然快了不少。\n\n“莽牛出洞！”\n\n“莽牛奔驰！”\n\n紫龙园中，方云接连使出两招莽牛拳法。一丝丝极淡极稀薄的白雾，飘飘荡荡，涌入他的体内，这些白雾，自然就是人级珠吸引而来的天地元气。\n\n唰！唰！\n\n方云的锦袖荡过虚空，发出刀刃切过的声音。这几日，他的力量增加了许多，几乎比得上过去半个月苦练的效果。一套拳法练完，方云也收了势。\n\n“人级珠，果然不愧是武道圣品。有了这颗珠子，加上我的苦练，我自保的力量多了许多，”方云微仰着头，看着手里的人级珠。不过几天的时间，这珠子中央的婴儿，就变化成了方云的样貌，赫然是一个婴儿状的方云。\n\n玉养人，人养玉。方云每天身上挂带着这颗人级珠，时间久了，人级珠也从他身上吸收了足够的人气，这才变化成了他的样子！\n\n吃过甜点，方云便驾车前往学宫。\n\n这一日，学宫授课结束后，方云正欲离开，却听到两声呼唤：\n\n“方兄，请留步！”\n\n回头看时，只见张英、周昕微喘着气，快步赶了上来。\n\n“张兄，周兄，”方云心中微讶，前几日，他有心寻他们，没有找到。没想到，这次他们却主动来找他了。\n\n张英、周昕被方云的目光看得有些赧然，微有些窘迫道：“方兄，也不怕您耻笑。上次承蒙您帮助，我和周兄一直想做东，宴请方兄，作为答谢。不过，囊中一直羞涩，直到这几天，在府中领了月钱，这才有了机会。不知方兄可否赏脸，到竹轩楼一聚。”\n\n方云对这两人的处境也颇为理解。虽然他们也算是王公子弟，说起来是富贵无比，但到底是庶出，府中地位颇低，每个月也领不了几个钱。\n\n“张兄、周兄不必客气，这顿就由我请了吧，”方云应道。他的身份又不同，四方侯只有华阳夫人一个正妻，他每月并不缺什么月子钱。\n\n“不行，不行。这顿还请方兄，务必让我和周兄作东，”张英道，脖子都几乎要发红。\n\n方云见他俩坚持，也就不再坚持。三位前世的朋友相见，方云心情畅快，也有心和他们一聚，于是道：“既然如此，张兄，周兄前面带路就是。”\n\n三人一方心存感激，另一方则是有心结交，加上都是平民侯府出身，彼此又近了一步。片刻交谈之后，立刻宾主尽欢。方云也不坐上自己的马车，而是三人挤在同一辆马上，很快到了竹轩楼。\n\n竹轩楼坐落渌水河畔，旁边栽种着许多南岭运来的绿竹。株株成林，与清清渌水相映成趣。\n\n朝中的儒臣，因为这里环境宜人，绿竹清水交映，偶尔会到这里小饮上几杯。诗兴大发的时侯，更是会即兴吟上几首，赠于竹轩楼。这家酒楼的店主也挺会做人，全部都框框裱裱，挂在墙上，供人赏析。\n\n传闻中，竹轩楼还收藏了当朝太傅的诗作，做为镇楼之物。平常，不在人前显露。\n\n张英三人到来的时侯，立即有熟识的小厮引到楼上雅间。上香茶，又送上了几碟小茴菜。\n\n“还是跟往常一样吧，速度快点。”张英挥了挥手。\n\n“好咧，小的马上就去。”小厮乐呵呵就了声，退了出去。\n\n竹轩楼，方云还是第一次来。他前世不大喜欢来这种地方，等小厮出去，便趁机打量了一翻。\n\n竹轩楼里非常热闹，进出的有不少鸿商富甲，但更多的却是天下入京赶考的儒生士子。其中不少人都是冲着二楼里挂在墙壁上那些文臣的墨宝而来。\n\n“那天的事情，真是多谢方兄了。要不然，这么多学子看着，我们恐怕脸面丢尽。回去之后，府中娘娘不但不会怜悯我们几个，反会因我们丢了侯府脸面，毒打一翻，”张英言辞诚恳，一翻话说得颇为辛酸。\n\n“客套的话就不用说了。张兄，周兄，有一件事我不明白。那咏乐郡主，只不过依仗着出身，刁蛮了几分。真正的功夫倒不怎么样。两位出身侯府，家学渊源，就算一个人打不过，两个人一起，也应该能抵挡一翻。”方云话说得很委婉，张英、周昕当初的表现，几乎可用丢脸来形容。\n\n“方兄有所不知。我们几个与你不同。你虽是次子，但也是四方侯正妻所出。我们两个却是连庶子都算不上。咏乐郡主虽然只是个旁出的郡主，但我们如果反抗，就会给自己府中的娘亲带来的无穷麻烦。”周昕眼中隐隐湿润，被一个女子当众殴打，这种屈辱是个男人都受不了。但思及家中处境不易的母亲，什么怨恨、屈辱都得吞下去。\n\n方云与这两人‘上一世’就是朋友，那时他弃武从文，手上没有那份本事，自然也不招惹事非。对于这两位朋友的情况也不太了解。这一世，他心性改变极大，又修练了武道。既然知道了这两位朋友的遭遇，自然要尽尽力，改变一翻。\n\n方云低头沉思，目中闪烁。片刻后，抬起头，心里有了决断：\n\n“张兄，周兄，我们毕竟出身武道世家。唯有武道高强，才能在府中受到重视。你们两人总不至于想一辈子受这样的屈辱？”\n\n“方兄，不是我们不想习武。只是我们在府中地位低下，不像大世子，有专门的武道强者做师傅，手把手的教。我练武的时侯，父亲只给了我一本《莽牛拳》，就不再管我。没有明师指点，练武真的艰难无比。”\n\n“是啊，周兄还算幸运的。父亲大人根本没想起还有我这么个儿子。若不是周兄义气，把《莽牛拳谱》借我。我恐怕永世无望接触武道。”张英神色颇为失落，他也算士子里混得颇不得意的，否则前世也不会和方云混在一起。\n\n“方兄，周兄如果不介意的话，我倒可以教授两位拳法。不过，我得事先说明，我手中也只有《莽牛拳》这种普通拳法。”\n\n张英、周昕闻言大喜：“多谢方兄！”\n\n两人都见过方云和杨谦交手。莽牛拳虽是军伍中的普通拳法，但在方云手中的威力，丝毫不在猛虎拳之下，甚至犹有胜出。如果有方云这种‘明师’教导，两人何必受那些屈辱气。\n\n方云尽管事先说好，只能教两人莽牛拳。不过，张英、周昕心里通透，这就足够了。两人心中暗暗打定主意，如果方云倾囊相授，一定要用心学习。回去之后，要把府中的人狠狠震慑一顿。\n\n武道世家虽是等级森严，但也极为务实。只要他们两人在武道上表现出足够的天赋，必然能够引起父亲的重视。忠信侯、神箭侯的武学何等渊博，只要能引起两位的重视，日后自是什么武道绝学都传下来了，哪里还需要方云传他们什么绝学！\n\n有能力改变两位好友的命运，方云心中也很高兴，回头叫了声：“小二，笔墨上来。”\n\n竹轩楼中本来文人墨客就多，这些人说不定什么时侯就诗兴大发，想要留些笔墨。因此，竹轩楼的这类文房四宝倒是随时准备着。\n\n方云声音一落，马上有机灵的小厮用玉盘托着，送了上来。\n\n墨是事先磨好的，笔是上好的狼毫大笔。方云蘸了蘸墨水，闭目沉思了一会儿，这才挥毫铺墨在宣纸上挥洒开来。\n\n张英、周昕本来以为方云笔势摆开，是要写什么练功要诀之类的。但没想到，方云狼毫大笔在宣纸上一勾一划，居然画出一只青墨色的大眼来。屈屈几笔，两人立即感到这只大眼里充满了一种无拘无束，不可一世的凶蛮、狂暴气息。\n\n方云笔势再转，一只肌肉虬结，自由洒脱的莽牛顿时跃然纸上。他并没有在细节上太过纠缠，几笔之间，完全采撷住了莽牛的精髓、气势。\n\n张英、周昕心中震惊不已，看向方云的眼光也不一样的。两人从不知道，方云于画道一途也有这么高的造诣。一副莽牛图，精神、气势无不跃然纸上，这种笔力，就算学宫中，一些于画道有特别造诣的士子，也远远不及。\n\n方云并不知道张英、周昕的心思，笔势一停，看了两人一眼道：“拳法一道，首重精神、意志和气势。拳法是死的，人是活的。像杨谦那样，别说猛虎拳，再强的拳法，到了他手里也是糟蹋！”\n\n张英、周昕点头，深以为然。\n\n“我会把莽牛拳的一十八势拳法精髓画出，并将拳法施展紧要处的诀窍加上，你们拿回去后，仔细啄磨，若有不懂的地方，再来找我，我会一一解答的。”\n\n“方兄大恩，我和周昕铭记于心，”张英感激道。几副画作，对方云不过是举手之劳，但对两人来说，完全可以改变两人艰难的处境，连带两人的母亲，将来也能随之水涨船高。\n\n方云点头，刷刷几笔，莽牛拳一十八副图全部画完，递了过去\n\n有了这件事，三人的关系更进一步，一桌酒宴下来，几乎无话不谈，宾主皆宜。\n\n叮铃铃！\n\n三人正在包厢中享用酒菜，突然听到了一阵清脆的环佩声，更有一阵细碎的脚步越来越近，空气里隐隐有股淡淡的香气。', '3451', '0', '2017-11-11 21:05:16');
INSERT INTO `chapter` VALUES ('15', '1', '第十一章：清昶公主', '张英、周昕也没在意，竹轩楼这种地方，经常有些卖艺的女子出入，在这里弹琴卖艺，以助酒兴。但方云却放下了筷箸，他感觉到了一点不妥的地方——周围太安静了。\n\n竹轩楼虽是个清雅的地方，但许多商人大贾，文人墨客出入，攀交情，谈诗词，总有些声音。但现在，整个竹轩楼里万籁俱静，只剩那女子的脚步声，似乎这里只有她一个人。\n\n哒！\n\n清脆的脚步声，似乎是回应方云的心声，珠帘处，走过一个朱红宫装的女子，皎好的面容，白皙的肤色，如同仕女图中走出的美人。乌黑的头发高高耸起，用一只飞凤簪子插着，余下的黑发如瀑布般倾泄流下，端的如女神般。只是这女子柳叶般的眉毛微微扬起，显露出一股凌厉的味道。\n\n这女子微微迈步，姿态优雅从容，身后，两名木无表情的带刀侍卫紧紧相随。\n\n张英、周昕感觉方云目光有异，也不由抬头望去，一眼看见那宫装美人的侧脸。两个人就如同被踩了尾巴的猫，从座位上跳了起来，满脸骇然。\n\n“清昶公主！”\n\n两人也顾不得吃，筷箸一扔，赶紧伏在地上，头贴着地板，诚惶诚恐。\n\n刷！\n\n珠帘卷动，一条朱红长鞭从门外钻进，带着一股凌厉的气息，刷一下卷向方云。\n\n“嗯？”方云眼睛一睁，没想到清昶公主会突然出手。不过他这段时间苦练，力量和反应速度也增加不少。手腕一探，方云用了一招莽牛铁踏劈砸过去，一招出手，拳风呼啸，带着一股狂野的气势。\n\n莽牛发怒，连狮、虎都敢斗，何况是地底的毒蛇。对于这些毒虫，莽牛从来都是铁蹄踏下，直接碾成齑粉。莽牛铁踏取的就是这个意境。\n\n砰！\n\n方云一拳砸中鞭影真身，就像莽牛铁蹄一样，重重的踏落在长鞭上最不能受力，最虚弱的一截。拳鞭相交，发出剧烈的响声，像两个壮汉撞击在一起。\n\n“不好！”拳头落实，方云立即感到一股狂猛的力量从鞭子中轰了过来，以方云如今的力量，居然掌控不住这根鞭子。这种感觉，如同看到一条花蛇，探手一捉，突然发现是条火线巨蟒。\n\n啪！\n\n虎口炸裂，朱色的长鞭唰一下抽在方云脸上，立刻一条鞭痕显现。两边皮肉翻卷，火辣辣的疼。一缕缕血痕立即从脸上流了出来。\n\n“吓！”张英和周昕也听到了鞭子抽在脸上的声音，两人骇了一跳，赶紧小声叫道：“方兄，这位是清昶公主，招惹不得啊。赶快和我们一样跪下吧。”\n\n大周朝，家世渊远，背景深厚的王侯，他们生出的女儿是没有资格称公主的，只能称为郡主。只有出身皇家的女子，才能被称为公主！这位清昶公主就是不折不扣的金枝玉叶，地位比之方云等人高贵的不知多少倍。与其他公主不同，这位清昶公子性子高傲，半点也不温柔。\n\n方云神色平静，似乎感觉不到脸上的疼痛。望着门外，方云脑海里掠过前世的记忆。\n\n清昶公主，皇室第十七位女儿，极得人皇宠爱。方云之所以记得这位公主，却不是因为她在皇室中受宠，而是这位皇室金枝在武道上的惊人天赋。\n\n九岁骑猎，十岁元气级，十五岁便突破到了罡气境，这位公主在武道上展露的天份令人惊叹，丝毫不在方云大哥方林之下。十九岁那年，这位公主亲身前往莽荒，斩杀一头千年猿妖。之后，更深入夷荒，亲手斩杀夷皇坐下一位大将军，震惊天下。\n\n包厢外，突然一片死寂，脚步声凭空消失。一个冷若冰霜猛的炸开：“好大的胆子！”\n\n珠帘晃动，一条朱红的身影已经昂然迈步跨入包厢之中，清昶公主扫了一眼包厢，以一种高高在上的眼神盯着方云，冷声道：“你是哪家的士子？见了本朝公主也不下跪，莫非不通礼，是野兽异族吗？”\n\n感觉到清昶公主走入包厢，张英、周昕更加惶恐，几乎连呼吸都不畅。这样的人物，就算她们府中的夫人、娘亲，见到了也盈盈下跪，诚惶诚恐，何况她们。\n\n“方兄，不是斗气的时侯啊，”尽管在这位清昶公主面前感觉极大压力，两人还是忍着心中的不安，善意的提醒方云。\n\n方云也不去擦脸上的血，就那么倔强的望着清昶公主，神色冷漠。刚刚那一记交手，方云已经明白，这位清昶公主的实力远超自己，估计也就自己的大哥方林才能压住她，那还是占着比清昶公主早出生几年的优势。\n\n一股怒火在胸中燃烧，方云回忆起了许多。前一世，方云家破人亡，大哥方林间接为了大周而亡，父亲方胤更是被人皇亲手击杀。而满门上下三百二十余口人，全部行刑的命令，也是出自人皇亲手签发的令谕。\n\n方云一家灭亡，最大的罪魁祸首就是人皇，是大周皇室！\n\n如果方云还是那个方云，他极可能选择跪伏下去，平息这场风波。但此一时彼一时，既然知道家破人亡的最大元凶来自大周皇室，方云如何还能保持对皇室的那份尊敬，又怎么能跪下去。\n\n方云盯着清昶公主的眼睛，猛然喝道：“张英、周昕还记得我刚跟你们说过的吗？武道练拳首重拳法、意志。如果连在一位公主面前抬头的勇气都没有，你们又凭什么想要在武道上有所成就？如果你们想要在府中得到重视，如果你们想要改变你们娘亲的处境，那么就给我抬起头来！”\n\n张英、周昕听到这句话，背部猛烈震动。两人出身武道世家，多少听说过拳法、意志的重要。二人一下剧烈挣扎起来。\n\n“方兄说得不错。如果我今天选择了妥协，就会在心里留下阴影。以后修练武道，只怕很难精深。”\n\n“今天得罪了清昶公主，最多不过一顿毒打。但要是丧失了武者的尊严，不能再武道精进，以后只怕娘亲永远只能在府中受苦，被人呼喝，唤作贱卑！”\n\n……\n\n两人伏在地上，眼中闪过许多思索。想起在府中受苦的母亲，两人的心剧烈的疼痛起来。猛的，两个人居然同时竖起腰，直直的看着清昶公主。\n\n清昶公主本来盯着方云，两人一起身，她双肩猛的震动了一下，吃惊的看着张英和周昕。\n\n“这两个狗奴才，好大的胆子。居然有这种勇气，敢这么看着我！”清昶公主心中满是震惊，她一向心高气傲。凭借着显赫的出身，凭借着皇族应有尽有的功法、法诀，以往上京城哪个士子见了她不是恭恭敬敬，诚惶诚恐。就是一些王侯家的大世子，见了她也要低头，问声安。\n\n这两个出身低贱、旁出、庶出的士子，居然敢在她面前抬起头来，真的是好大的胆子！\n\n“大胆！”\n\n两声暴喝，清昶公主身边，两名披甲护卫察颜观色，感觉到清昶公主眉头微皱。立即暴喝一声，**般的气息破体而出，压迫方云等人，同时长刀半出鞘，作势就要连人带桌，把几人劈成两半。\n\n“住手！”\n\n清昶公主手掌一竖，阻止了两名护卫。目光一转，望向了方云，她气极反笑：“好，不错！敢在本公主面前这么说话的，你还是第一个！”\n\n清昶公主把张英、周昕的变化看在眼里，她明白，方云才是这一切他们转变的原因，一腔怒火顿时倾泄到了方云身上。\n\n笑容一敛，清昶公主神色如同冰霜，叱喝一声道：“来啊，给我掌嘴。他们不通礼仪教化，今天就教他什么是尊卑礼仪。一个公侯家的小士子，今日敢在本公主面前放肆，他日岂不是连皇上也不放在眼里了！”\n\n清昶公主嘴一张，一顶蔑视皇族的大帽子就扣了上去。\n\n“是，公主！”两名武道高强的护卫应声出列，脚下一迈，就要上前掴嘴。\n\n“如果他日不想死在蛮荒边疆，你们几个就尽管试试！”方云霍的站起，目光冰冷如剑，扫了一眼两名护卫。\n\n脚步嘎然而止，两个护卫虽然不知道眼前少年是谁，但看身上的装束，显然非富极贵。听方云的口气，两名护卫更感觉，这少年似乎是京中权势极重的王侯的公子。\n\n大周朝以武立国，武风极盛，战事最是频繁，相应的调动也很多。这种调动，由大周太祖所令，就是当今人皇也插手不得。\n\n别看他们几个现在是清昶公主的护卫，但说不定什么时侯就调到了某位王侯座下。若是今日欺负了他的公子，来日说不定，真要被人寻了个什么由头，把他们派入五荒深处，死个不明不白。\n\n一言暂时震住两名护卫，方云一步跨过木桌，逼近清昶公主四尺之内。他双目明亮，神情凛然，有如朝廷掌管律法的文儒大臣，大声喝问道：\n\n“呵！你既然说我不通礼义。那我且问你，清昶公主，你可有爵位在身？”\n\n“可有沙场征驰，立下彪柄战功？”\n\n“可有寒窗苦读，金榜题名？”\n\n方云质问一个接一个，每问一个可有，便逼近一步。三步之中，方云双眼怒张，声音宏亮，神色凛然，犹如一位执掌朝廷律法的儒家大臣，正在质问罪人。\n\n他的步伐之中，更是用上了莽牛拳叠加气势的方法，给人一种气势雄浑，不可抵抗的感觉。\n', '3256', '0', '2017-11-11 21:11:31');
INSERT INTO `chapter` VALUES ('16', '1', '第十二章：唇枪舌剑', '方云突然其来的一记暴喝，让清昶公主心神剧震。方云咄咄逼人的三句质问，一句也答不上来。这会，清昶公主就好像看到了自己的老师，那位严厉、古板的当朝太傅大人。\n\n清昶公主虽然出身尊贵，更极尽人皇宠爱，但偏偏在这位当朝太傅手中吃不开。儒家的文臣，做事讲究仁义礼法。只要占住一个理字，别说手握重兵的王侯之流，就算当代人皇，照样不给情面。清昶公主在这位太傅面前，没少被喝斥，好几次，好几次都把她弄得眼睛通红，几乎要流泪。\n\n面对方云炯炯的目光，义正言辞的喝问，清昶公主眼神慌乱，心神一下失守。\n\n“哼，你既然一无彪柄战功，二无功名在身，更无显赫爵位，凭什么要我尊敬你？你有一身高明的武道修为，不去应征入伍，征战沙场，替皇上排忧解难，是为不忠；你不去沙场战伐也就罢了，我大周强敌群立，人皇忧心，你不去侍立左右，端水送茶，以尽人女之责，却一个人跑来这竹轩楼享受，是为不孝；张英、周昕出身卑微，武道微低，在家中处境举步唯艰，你不去加以提拨、扶持也就罢了，却拿你的出身，欺压他们，凌辱他们，此是、为不仁、不义！”\n\n“如此不忠，不孝，不仁，不义之徒，又有什么资格让我方云屈膝下跪？！！我方云顶天立地，上跪天下跪地中间跪父母，就是不跪你这等不忠不孝不仁不义之徒！”方云的声音振聋发聩，掷地有声，寥寥数言之间，就把这位清昶公主打入了万劫不覆之地。\n\n噔！噔！噔！\n\n清昶公主脸色煞白，脚下接连退了三步，就是两位武功高强的护卫，听了方云的话，也是竦然动容。当今天下，兵家镇国，儒家安国。儒家的孝悌忠信礼义廉耻早已深入人心，如果哪个人被儒家执掌朝廷的文臣们扣上不忠不孝不仁不义的罪名，就是当今人皇都保不住！\n\n清昶公主倒底是练过武道的，意志坚忍，很快就回过神来。等反应过来刚刚发生什么事，清昶公主一张白皙的脸孔顿时一会青一会儿白。她心中羞怒交加，以她的身手武功、出身地位，刚刚居然被人一个眼神骇得连退三步，耻辱啊！清昶公主感觉就像被人在脸上狠狠甩了两巴掌，自尊被踏践无余！\n\n巨大的耻辱感冲击下，清昶公主格格怒笑了两声，猛的脸色一冷，咬牙切齿的恨声道：\n\n“好你个狗奴才，学了几本儒家经籍，居然就学会了乱扣帽子。罢了，我看你也练过武道，本公主倒要瞧瞧，你手底下有几斤几两，敢在本公主面前放肆！”\n\n唰！\n\n清昶公主一语落定，也不给方云开口的机会，她心中隐隐也有些怕了方云刀剑般的口才。手一伸，缠在腰间的长鞭唰一下荡开，一股火红气浪从鞭子里呼啸而出，整个厢房中立即温度飙升，凭空涨了几度。\n\n嘶！\n\n令人头皮发麻的蛇嘶声从鞭影中发出，方云就好像看到了一条巨大的蟒蛇吞吐着火云，向自己卷了过来。清昶公主被方云骂做不忠不孝不仁不义之徒，心中激起了真火。这一下，含怒而发，用上了精擅的狂蟒鞭法，鞭影中吞吐出的火红，更是蕴含了她刚刚晋级的一点稀薄的罡气。\n\n“不妙，这女人发狂了！”方云大叫一声，脚下噔噔直退，同时双拳挥出，抵抗鞭影。\n\n砰！\n\n拳鞭相击，沛不可挡的狂暴力量瞬间粉碎方云的防御。火红的长鞭在空中一荡，缠住方云的身体，再往下重重一甩。只听砰的巨响，包厢内的木桌四分五裂，方云的身体重重砸落地面，连木板都陷了下去。\n\n“哼！”清昶公主冷哼一声，一步跨过四尺多的距离，金色的云履靴重重的踏在方云胸膛上，将他的身体死死的钉在地板上。\n\n一个是元气级，一个已经达到罡气初级，两者之间巨大的鸿沟，此刻显露无疑。在清昶公主这位武学天才，珍奇异宝、武功秘诀应有尽有的皇室奇葩面前，方云完全败下来了，败的毫无争议！\n\n“狗奴才，我还以为你有几斤几两，敢在我面前放肆。原来就这么两下，”清昶公主一只脚踏在方云胸膛上，居高临下，嘲讽道。\n\n直到此时，清昶公主心中才微微舒了口气，但心中依然有极大的不畅快。以她的身份地位，被人三言两语逼得放下身段，用暴力去征服，这本身就是一种失败。清昶公主心中极不是滋味，但脸上绝不表露出来。\n\n“现在，我再给你一次机会。只要你点个头，跪下给我叩三个头，道个歉。我就当刚刚没听见你说的话，这件事就这么算了！”清昶公主柳眉一扬，寒声道。\n\n自尊的羞辱，只能用羞辱对方的方式来弥补。清昶公主觉得，只有让眼前这个狗奴才叩头求饶，才能消除心中的怒气。\n\n“以罡气级的修为欺凌一个元气级的对手，你的成就感就是这样吗？”方云似乎感觉不到疼痛一般，神情冷漠的盯着清昶公主，毫不退让。\n\n“你！……”清昶公主心中重重抽搐了一下，方云一句话就剌到了她的痛处。以她的身份地位，这样与一个以往不瞧在眼里的上京城士子计较，已经是失了身份。\n\n更加令她受不了的，是方云的目光。那种目光，冷漠、寒冷，透过那双眼睛，清昶公主感觉到了一个坚忍、强大的灵魂。这样坚忍的意志，根本不是她屈屈几鞭能够压服的。\n\n就在这个时侯，清昶公主身左的护卫眼睛亮了一下，快步上前，从粉碎的碗碟碎片中拾起一颗黑色的珠子。\n\n“公主，你看！”护卫把这颗珠子递了过去，交到清昶公主手中。\n\n“嗯，人级珠！”清昶公主眼中闪过讶异，这种修练珍宝，怎么会在竹轩楼这个小士子身上！\n\n“公主，这个人我知道，”护卫上前两步，在清昶公主耳边，低声叙说了几句。\n\n清昶公主眼睛一亮，微微颔首。玉葱般的手指夹着人级珠，清昶公主望着方云，冷笑两声：“我当是谁，原来是四方侯的次子。”\n\n方云扫了一眼那名神色木然的护卫，知道他凭借身上掉出来的人级珠，判断出了自己的身份。不过，他也不想理会清昶公主，依然一语不发。\n\n清昶公主也不以为意，探手入怀，再伸出来时，指尖多了一颗斗大的琥珀色珠子，那珠子里，雾蔼袅袅，中央，显露出一片缩小的山河社稷图。其中峰峦幢幢，流水潺潺，草木鸟鱼，活灵活现。\n\n“地级珠！”张英、周昕猛的叫了出来，两人死死的盯着清昶公主手中的珠子。这种武道魁宝，比人级珠要强悍得多。\n\n“你们两个，倒是有些见识，”清昶公主瞥了眼两人，将两颗珠子并非放在一起，人级珠瞬间黯然无光：“不错，这颗就是武道魁宝地级珠。练功的时侯，身上带上这颗珠子，周身窍孔吸收天地元气的速度，就能比人级珠强上五倍，相当于普通人的二十多天的效果。”\n\n“你既然喜欢和人赌斗，那我也和你来个赌斗，”清昶公主心中冷笑，只听护卫只言片语，她就判断出了方云的心性。自己这个赌约他绝对无法拒绝。\n\n“赌斗的彩头，就是这颗练功圣品，地级珠！我也不太欺压你。我给你一个半月的时间，回去之后，你可以勤修苦练。到时，只要你能接住我三招，就算是你赢了。我身上这颗地级珠就归你，而你若是输了……”清昶公主止住不说，眼睛却看向方云。\n\n方云眼睛亮了起来，尽管明白清昶公主不怀好意，但他实在太需要这颗地级珠了。武道一途，按正常的途径，修练太过艰难，而留给他的时间又不多。清昶公主提供给了他一条无法拒绝的捷径。\n\n如果有地级珠在手，方云有信心，在很短的时间内，武功突飞猛进，就是赶上身前这位皇室天才，也不是不可能！\n\n“你想怎么样？”方云沉声道。\n\n“哼，”清昶公主眼神一眯，目中一片寒光：“好，我如果输了，也不要你这颗人级珠。我只要你跪在我面前，大声说，你是我的狗奴才，一辈子都是，生生世世改变不了！”\n\n清昶公主心思不可谓不狠毒，方云刚刚那翻武道精神、气势的说法，她完全落入耳中。她心中打定主意，要狠狠耻辱他一翻，不止如今，更要狠狠踏践他的武者尊严，令他以后再无机会精进，从此沉沦！\n\n“我答应你！”方云的回答，斩钉截铁，没有任何的犹豫。\n\n清昶公主却惊了一跳，她知道方云很可能会答应，却没想到他会答应的这么利落，毫不犹豫。\n\n“这个方云，倒是凭的什么？就算给他一颗人级珠，他也不可能在短短一个半月内达到罡气级！”清昶公主目光闪烁，无数个念头掠过脑海，却怎么也想不明白，方云凭什么答应这个赌约。\n\n“武道漫漫，这个清昶公主，只不过是我人生道路上遇到的一个小小的阻碍，还算不上我的敌人。我所要面对的困难，比眼前的要大百倍、千倍。如果连她都无法战胜，日后，我又凭什么面对更强大的敌人，去逆天改命，改变家破人亡的命运？！”\n\n方云精神剧烈燃烧，心中无数个念头闪过。他明白要想战胜眼前这位皇室公主，困难重重，但武道精神就是这样。\n\n真正的武者，面对困难，只会迎难而上，以自己的信念、意志与艰忍，战胜对手。只有具备这样大意力，大坚持的人，才能在武道上有大成就！\n\n方云，没有退路！\n\n“我也不占你便宜，这颗是皇宫疗伤圣药，你拿去吃了。一个半月之后，我会在学宫中等你！不要想食言，哼！”随手将人级珠和一颗清香扑鼻，外形如珍珠般的药丸掷过去，清昶公主转身就走。身后，两名护卫紧步相随，一会儿就消失在门外。\n\n哄！\n\n清昶公主前脚刚走，竹轩楼内就炸开了锅。一个个跪伏在地的鸿商巨贾，士子儒生全部站起身来，一个个望向方云等人所在的包厢，窃窃私语起来。\n\n“这是谁家公子，居然敢触怒皇室公主？”\n\n“原来是四方侯的次子，真的是好大的胆子啊！皇室中的成员，地位何等崇贵，这里哪个人不是诚惶诚恐，他居然敢和公主斗嘴！”\n\n“这位小世子好伶俐的口才，堂堂清昶公主，金枝玉叶，居然被他说成不忠不孝不仁不义。这样的大罪名，怪不得清昶公主会受不了！”\n\n“不自量力，以元气级的修为就想挑战罡气级的武者，再给他两个月都没用！”\n\n……\n\n包厢外，议论纷纷，无数目光透过珠帘，打量着里面的三人。', '3766', '0', '2017-11-11 21:12:11');
INSERT INTO `chapter` VALUES ('17', '1', '第十三章：兴师问罪', '方云并没有客气，抓过人级珠藏入怀里，同时一口吞下了清昶公主扔下的疗伤圣药。一个半月的时间已经够紧迫了，他没有多余的时间，花去疗伤。\n\n皇室的积累确实厚实，清昶公主随手掷出的疗伤药，就比一般侯府中的，好了不知多少倍。\n\n药丸入口，清香扑鼻，瞬息即化，和着津液，一起流入腹中。方云只觉一股热力从腹中升腾，流入四肢八骸，身上的伤势，一会儿就好了大半。\n\n“清昶公主好大的手笔，‘淬体丹’这样的皇宫疗伤圣品，随手赠出就是！”\n\n张英、周昕此时走了过来，眼中又是震惊又是羡慕。元气丹不止能生肌止血，还有淬练肉体，提升修练时元气摄入量的作用。一般侯府最多也就三、五颗，都当作圣宝收藏起来。\n\n方云微微惊讶，但很快就明白清昶公主的打算。竹轩楼这么多人看着，她这是想尽量让这场赌斗显得‘公平’些，忽略掉她和方云之间相距两个境界的事实。\n\n“张兄、周兄我们走吧，”看到越来越多的人聚过来，方云招呼一声两人，大步向外走去。没有人喜欢这样被人围观。\n\n“小二，这里有五枚三皇钱，算作是桌椅折损的钱，应该够了吧？”方云手指一弹，五枚黄澄澄的孔方钱飞出，落到地板上。\n\n“够了，够了……”黄脸小厮嘻嘻一笑，跨入门帘，将五枚三皇钱收入了掌中。开玩笑，一枚三皇钱就能买下三匹上好的大周骏马。五枚三皇钱绰绰有余了。\n\n大周币制，以圆象征天，以方象征地，所有的钱币都是以外圆内方，这样也便于携带。流通的货币是分为三皇钱（黄金）、五帝钱（白银）、鼎钱（铜钱）和水钱（铁币）。\n\n三皇钱用以纪念远古时期，统治中土神洲的三位大圣皇帝。\n\n五帝钱，用以纪念上古时期，替人类扫荡异族、妖族的五位大德皇帝。\n\n鼎钱，黄铜曾一度为朝廷铸鼎之物，故称为之鼎钱。\n\n水钱，同样是方孔状。以黑铁为材料，在市面上流通最多。所谓花钱如流水，故民间称之为水钱。\n\n大周的币制，一兑十，一枚三皇钱可以兑十枚五帝钱，如此类推。\n\n张英、周昕本待抢先付帐，但摸了摸了怀里，心中苦笑一声，还是算了。他们身上的钱，本来付酒水钱足够了，但加上方云摔坏的桌、椅、杯、盘那是远远不够。\n\n“方兄，等等我们，”看到竹轩楼中客人都注意过来，两人也快步跟了上去。\n\n跨上马车，三人围坐在一起，想起刚刚发生的事，张英、周昕还有种梦一般的感觉。他们两个地位卑下，庶出的士子，居然直接面对清昶公主的怒火，还能表现的不卑不亢。就算他们侯府中的大世子，只怕也不会比他们做得更好，更有骨气吧。\n\n“拳法之道，首重精神、意志，这两点并不仅于拳法武道。刚刚的事情，你们也看到了，清昶公主拳法比我高，武道比我强，但我一声呵叱就能令她连退三步，靠的就是精神与气势。这次回去之后，你们仔细研究我画的那十八张莽牛图，希望能对你们有所帮助。所谓自助者天助之，真正能帮助你们改变自身处境的，只有你们自己。”方云正色道，他真心希望这两位前世的朋友能够改变处境，但所能做的，也只是尽尽人事。\n\n“我们明白，”张英、周昕点点头。事实胜于雄辨，方云一声叱退清昶公主，连带两名强大护卫的事情，在两人心中造成了极大的触动。\n\n马车到达四方侯府后，方云从马车上跳身下来。\n\n“少爷！”朱漆的大门口，两名带刀护卫大步迎了上来。两人看到方云身上破烂的锦衣，脸上满是震惊。那种裂口，明显是鞭痕！\n\n“这件事情，你们知道就可以了。不要告诉夫人！”方云低低道。母亲要操心的事情已经够多了，若是让她得知，必然徒增伤心。\n\n“是，少爷。”\n\n打发了两名护卫，方云疾步走入府内，到厢房中，换了衣裳。淬体丹果然神妙，这一会儿，方云脸上的伤口就愈合起来，只留下一道淡淡的痕迹。\n\n“清昶公主的地级珠，无论如何，我都必须得到。”坐在房中，方云目光闪烁，心中闪过无数个念头。猛的一推房门，再次往此紫龙园的方向走去。\n\n…………\n\n西华门，平鼎侯府外，两条人影墙外徘徊犹豫。\n\n“杨兄，现在怎么办？人级珠丢失了，这可是从大世子那里借来的啊！以大世子的为人，若是知道你将他的东西输给了人家，只怕……”李平嗫嗫道，想起大世子得知人级珠赌输，大发雷霆的样子，他也心中忐忑。\n\n“别说了，”听到大世子的名字，杨谦眉头跳了几跳。这几天，他一直在考虑这件事。\n\n杨谦试过放下面子，请求方云还回人级珠，但回应的是一顿拳。他也想过派护卫来硬的，但光天化日，根本不好下手，而且四方侯府也有自已的护卫。\n\n“杨兄，这事缓不得啊。当初大世子答应借我们四个月，再有半个月，大世子可就从天蛇山上训练归来了啊。那时他要是问起人级珠……，”李平打了个寒噤，突然眼神一闪，道：“要不，我们直接向大世子坦白了吧，让大世子来对付那小贱种。”\n\n“不行，万万不行，”杨谦一口就回绝了李平的提议：“如果让大世子得知，人级珠故然能抢回，但我们两个首先就免不得了一顿毒打！”\n\n大世子的脾气极为暴躁，府中下人经常被他毒打，有些人更是被殴打致死。每月从世子别院抬出的尸体都有二三具。最令杨谦惊惧的是，大世子曾经把一名府中庶出的侯子生生打死，这件事被大夫人按下，谁也说不上话，就此不了了之。\n\n“早知会被方云那杂种夺去，当初真不该那么大胆去求世子，”杨谦此时悔青了肠子。大世子此人极为暴躁，同时也极为势力。上次就是借着小妹和杨平的婚事，杨谦才敢大着胆子向大世子求了一粒人级珠。\n\n“杨兄，难道人级珠就真的平白让方云那贱种享受了？再没有别的办法了吗？”李平有些不甘道。\n\n杨谦闻言眼前猛的一亮，心中生出一条毒计：“量小非君子，无毒不丈夫。李兄，我需要你做一件事！”\n\n片刻之后，杨谦衣衫破碎，遍体鳞伤，跌跌撞撞的闯进了平鼎侯的平妻，宣华夫人的房间。\n\n平鼎侯有一正妻，二平妻。正妻刘氏最为严厉，平妻宣华夫人张氏最为护短。宣华夫人因膝下无子，与杨谦之母交好，把杨谦为做了义子。\n\n杨谦的母亲，只是平鼎侯一个侍妾。这件事情，只有宣华夫人才能镇压住方云的出身！\n\n“干娘，你要救我！”杨谦咚的一声跪在了地上，说不了两句话，立刻语声哽咽，泪如涌泉。\n\n“孩子，你这是怎么了！”看见杨谦的惨状，宣华夫人霍的站了起来，满是震惊。\n\n在杨谦的叙说下，立即换了个版本。变成了方云觊觎他身上的人级珠，暴打一顿不说，还辱及平鼎府上下。\n\n啪！\n\n宣华夫人一掌重重拍下，脸孔气得铁青：“岂有此理！四方侯论出身不过是草莽之辈，华阳夫人更是卑贱。小畜生既然如此无理，辱及我平鼎侯府。真是好大的胆子啊！”\n\n“来人了，给我点齐人手，先去学宫擒了那小畜生，再去四方侯府找华阳夫人质问！”宣华夫人气得三尸神暴跳。这位夫人雷厉风行，点齐了府中护卫，立即驾上马上，往学宫驶去。\n\n“干娘，方云那小贱种唇枪舌剑，黑的能说成白的。姨娘若是到了学宫，千万不要给他机会说话，以他四方侯府的作风，铁定不会承认，”看到宣华夫人雷厉风行，杨谦心中也发悚，想了想，还是不妥，又上前加了几句。\n\n“不怕他不承认，谦儿，你也上来。干娘这次，一定要为你做主！”宣华夫人坐在马车厢里，掀着帘子，冷着脸，对杨谦道。\n\n“不好，弄巧成拙！”杨谦大叫一声，但宣华夫人何等威严，根本由不得他拒绝。\n\n正是凌晨辰时，上京城寒雾弥漫，平鼎侯府点齐了六辆马车，浩浩然然往学宫而去，一副兴师问罪的驾势。\n\n', '2915', '0', '2017-11-11 21:15:02');
INSERT INTO `chapter` VALUES ('18', '1', '第十四章：大义', '“莽牛磨角！”\n\n“莽牛撞岩！”\n\n方云一招一式有板有眼，在他身周聚集的天地元气越来越多。方云已经感觉到，吸纳元气的速度慢了下来，这显然是元气级巅峰，即将跨入真气级的特殊现象。\n\n“以我现在的情况，再有数天，应该就能跨入真气级了！”方云心里思量了一会，猛然一掌劈在紫龙园中的假山上。\n\n崩！\n\n一块磨盘大的石头应声开裂，从山体上坠落，滑入池水之中，溅起大片水花。方云的肉身力量，赫然到了摔碑裂石的地步，而这，真是元气巅峰的表现。方云对心中的判断，越发确定了。\n\n“去学宫！”修为大进，方云心中也非常高兴。走出亭园，立即有乖巧的丫头送上新的外衣。\n\n“少爷，把这碗参茶喝了吧。这是夫人亲自熬的，说是少爷练功辛苦，要补补身子。”等方云换上外衣，秀气的丫鬟立即递上了一杯盛腾腾茶盏。\n\n“这可是夫人早起熬的，”另一个锦袄丫鬟加了一句。\n\n喝着浓浓的参茶，方云又是感动又是愧疚。自已日夜练功不要紧，却连累母亲也睡不好。\n\n“你们几个回去告诉娘亲，就说我只是练一段时间。以后不会去紫龙园了，”方云心中打定主意，以后就把练功地点搬回厢房。虽然地方小了点，有些施展不开手脚，但也好过让母亲担忧。\n\n“真的，那好。我们回去告诉夫人，”两个丫头互相看了一眼，一脸雀跃道。华阳夫人心肠最慈，对府中下人都不错。丫鬟们看着夫人早早起来熬参汤，心里也有些着急，毕竟，华阳夫人并不年轻了。\n\n打发了两个丫头，方云大步走出了四方侯府。\n\n走进学宫，方云突然感觉今天有些不一样，但哪里不一样了，一时又说不清。似乎，不时有些怪异的目光会看向自已，不过，这种事情从上次打败了杨谦就有了。方云也没往心里去。\n\n到了平常听课的地方，这种怪异的感觉愈发强烈了。\n\n“不对，”方云停下了脚步，四下望了一眼：“有问题。学宫里平常人头攒集，一块石头抛起，都能砸死好几个人。怎么这会儿，这里这么安静，一个人影也看不到。”\n\n不错，往常人流汹涌的学堂外，此时静悄悄的，一个人影也看不到。这与另一侧的学堂前熙熙攘攘的景象形成了鲜明对比。\n\n方云猛的回头，只见后面一条弧形，一个个士子睁大了眼睛，望着自已。看到方云看过来，一个个心虚的回过头去。\n\n“有问题！”方云很快坚定了心中的判断，但他也毫不在意，衣袍一荡，朝学堂里大步行去：“兵来将挡，谁来土淹。我倒要看看，是谁在弄玄虚！”\n\n方云推开门，一步跨入学堂。抬头时，只见大门两侧，一片森严。两排表情漠无表情的护卫，手握着刀，笔直的站在两侧。\n\n两排护卫里头，摆着一张漆红的檀木太师椅，一张四脚红木桌，上面放了一盏青瓷茶杯。\n\n太师椅上，端坐着一个脸色白净的中年妇人，看起来三、四十岁左右。她的头发挽起，用几根金纹簪子插着，指甲修长的双掌按在两侧扶手上，神情不怒而威。\n\n“跪下！”看到方云进来，宣华夫人猛然的厉喝道。声音宏亮，带着无穷的威严和气势。\n\n“嗯？”方云眉头一扬，冷冷道：“你是谁？”\n\n“大胆，觐见朝廷诰命夫人的礼仪，你母亲没有教过你吗？”宣华夫人声色俱厉，一开口就是朝廷礼仪打压。\n\n“方云，你好大胆子。见了平鼎侯夫人宣华娘娘，还不行礼！这可是朝廷册封的诰命夫人，你敢蔑视朝廷吗？蔑视皇后娘娘吗？”一个声音在旁边叫道，声音尖利，趾高气昂，正是随车前来的杨谦。\n\n方云这才注意到这中年妇人身后的杨谦，顿时脸色大变：“原来是他！”\n\n“大胆，还不下跪。看来，是要我去皇后娘娘那里，参上你母亲一本了！”宣华夫人脸色铁青，寒气道。\n\n大周朝律令，方云这等没有功名、爵位在身的士子，遇到朝廷一品诰命夫人的时侯，要跪拜行礼！\n\n嘴里还残留着母亲熬的参汤的味道，想起母亲的处境，在上京的如履薄冰、举步维艰，方云又怎么忍心再让母亲受累。\n\n砰！\n\n重重的，带着无尽的屈辱，在门内外，无数双目光的注视下，方云重重的跪在了地上，俯下了他高傲的头颅。\n\n“学生方云，见过宣华夫人！”双膝跪下的刹那，方云感觉心在滴血。\n\n“方云，忍住。为了母亲，无论如何你都要忍住！”方云狠狠的对自已说，他感觉到手在颤抖，他害怕自已忍不住，做出什么事情来。\n\n看到方云跪下，低下高傲的头颅，宣华夫人终于微微点了点头。身后，杨谦眼神闪烁，一脸阴谋得逞的快意。\n\n先声夺人，打压对方势气，对宣华夫人来说，这才是第一步。在上京城的贵族中，长年的勾心斗角，阴谋暗斗，宣华夫人早已打磨出一套自已的手段。\n\n这勾心斗角，党同伐异，也如同行军打仗一般，讲究一个兵法套路！如果这种东西也分层次论修为的话，宣华夫人自认已经是王侯级的人物。\n\n宣华夫人冷冷的扫了一眼方云，端起桌上的茶水，轻轻啜吸了一口，这才开始一一数落开来：\n\n“小畜生，你好大的胆子！光天化日之下，竟敢觊觎我平鼎侯府的东西，夺宝伤人！你眼里还里还有王法吗？”\n\n方云抬头望了眼杨谦，目中闪过一丝恨色，知道是他在搬弄是非。感觉到方云的恨意，杨谦神色一讪，赶紧撇过头去。\n\n看到方云还敢抬头，宣华夫人心中愈发怒了：“一言不合，伤人夺宝。你心中还有礼义廉耻吗？连廉耻心都没有，你莫非是野蛮未化的畜生么？”\n\n听到‘畜生‘二字，方云身躯颤抖，嘴唇都咬出血来。被一个妇人拿母亲要胁、打压，却反驳不得，他何曾受过这等屈辱。\n\n宣华夫人嘴唇连动，唇枪舌剑，丝毫没有放过方云的意思：“夺宝伤人也就罢了，你区区一个平民侯的贱种，身份地微，地位卑贱，竟然敢辱及平鼎侯府。是谁给你的胆子，这么胆大妄为？若不是侯爷不在京中，换作是前朝，就凭你这样的目无礼法，胆大妄为，我就能把你拉到宫墙下，凌迟处死！谁也说不得！”\n\n听到宣华夫人说要把自已拉到宫墙下，凌迟处死，方云身躯猛的震颤起来。在前世，四方侯府全家上下，三百余口，就是被皇室处死在宫墙下。\n\n宣华夫人不经义的几句，就捅到了方云心中最痛处。一刹那，方云指甲泛白，双目血红，他感觉自已几乎要忍不住了。\n\n然而，宣华夫人依然在继续，丝毫没有顾及到方云的感觉。她的行事作风，打压敌人，从来都是一击致命，不留余地。\n\n“光天化日，出言不逊，夺宝伤人，小畜生你也算是读书人？子不教，父之过，你父亲出身微贱，不通礼数，不通教化，我不怪他，但你母亲呢？你母亲也不懂吗？”宣华夫人声色俱厉，大把的脏水泼向了方云母亲华阳夫人。\n\n因为方云之母华阳夫人的缘故，宣华夫人在正宫皇后娘娘面前多次受挫。任她巧舌如簧，搬弄是非，但碰上华阳夫人那种温碗、柔和的性格，硬是没有发挥的余地。百炼钢遇上绕指柔，全无用处，宣华夫人心中早积累了一大堆的怨气、怒气！\n\n宣华夫人嘴唇连动，丝毫没有放过方云的意思。打蛇打七寸，她现在就要发动最后的言语攻势，彻底的捏死方云：\n\n“子不教，母之过。你们两个小畜生，一个胆大妄为，恣意行事，天蛇山的训练，想不去就不去；一个目无王法，当天化日，夺宝伤人，这等行径与强盗何异？你母亲就是这样相夫教子的？她也配称书香门第、诗礼世家之后？我看连上京西边香月楼里的贱籍都比她懂礼仪，识教化。枉她还是朝廷册封的一品诰命夫人？贱民就是贱民，就算我大周仁善，册封她贵妇、夫人，也永远改不了骨子里的土包子气。永远上不得台面，连窑子里的妓女都不如！”\n\n宣华夫人骂的不可谓不恶毒，从方云、方林两兄弟身上，一路战火烧到了华阳夫人身上。把她贬得一钱不值，与妓女并列。一口气说完，宣华夫人眼睛微眯，心里说不尽的畅快，这时，也隐约感觉有些渴，便顺手端起红木桌上的茶盏，准备喝上一口，润润喉咙。\n\n“够了！”\n\n猛的，身前一声暴喝，像雷霆一样，震彻学宫。宣华夫人正准备饮茶，蓦的听到这一声暴喝，骇了一跳，手里的茶盖都打了个翻，青瓷茶盏格格碰撞，几乎就要拿捏不住。', '3091', '0', '2017-11-11 21:21:49');
INSERT INTO `chapter` VALUES ('19', '1', '第十五章：吓昏宣华', '方云霍的站起，他双目暴睁，一片血红，神色似乎要择人而噬。宣华夫人骂他畜生也好，贱种也好，他都能忍住。但千不该万不该，她不该辱及华阳夫人。在方云心中，华阳夫人就是一片逆鳞。\n\n哗！\n\n方云手臂一振，食指怒指宣华夫人，暴喝道：“我问你，你口口声声说我抢宝伤人，有何依据？除了你身边的义子杨谦，还有谁人？杨谦欺我在前，毁约在后，打不过我，又回家搬弄是非。这就是你平鼎侯府的礼仪教化？”\n\n“你！——”宣华夫人头簪颤抖，脸色煞白，神情震怒，张口就在喝叱。\n\n“你不分青红皂白，人云亦云，信口雌黄。就凭你，也能与我母亲平起平坐，做那朝廷一品诰命夫人？”方云猛的一步跨过去，开口就把宣华夫人嘴里这个“你”字堵了回去。\n\n“你！——”宣华夫人手指着方云，全身都气得颤抖。\n\n“你一个妇道人家，不守在家中相夫教子，却跑到外面抛头露面，与人争斗。你可知‘内外有别，男尊女卑’八字？”\n\n“你身为大周贵妇，朝廷一品诰命夫人，却语出不逊，唇舌毒辣，开口闭口就是小畜生，贱种，贱妇！这等行径与街边不知礼仪、不守妇德的泼妇何异？儒家礼义，三从四德。你连妇德都没有，也配称贵妇？”\n\n宣华夫人脸色发青、嘴唇颤抖，几乎要气晕了过去。整个学宫里，无数双眼睛望着这个方向，一个个鸦雀无声，都被震的麻木了。\n\n方云这番话说得可言重了。大周朝以礼治国，在儒家的教化下，男子的三纲五常，妇人三从四德早已深入人心。三从者，未嫁从父，即嫁从夫，夫死从子；四德者，妇德、妇言、妇容、妇功。其中，妇德乃是三从四德的核心，是妇女纲常的标准。\n\n朝廷的贵妇、夫人，号称天下妇人的表率。方云说宣华夫人不守妇德，对于一个妇人来说，这可就是天大的罪名。若是坐实了，剥去一切夫人、贵妇的称号不说，夫家还要休了这样的妇人，从此无再嫁可能，便是娘家，也不会容许这样的妇人再踏入家门。基本上，这就和定了死罪一样了。\n\n给一个王公贵妇，诰命夫人安上这样的罪名，那需要何等的气魄，是何等的胆大妄为。周围的学宫士子已经震惊的麻木了。\n\n“小畜生，你，你，反了你！……”宣华夫人眼前发黑，十指发颤。\n\n方云冷哼一声，又是一步跨出。他气势如虹，步步进逼：\n\n“你不问缘由，气势汹汹、兴势动众，言语刻薄，此为不仁！”\n\n“位列诰命夫人，欺我年少，以上压下，是为不义！”\n\n“偏听一面，不分黑白，此为不智！”\n\n“不守妇道，抛头露面，此为不礼！”\n\n“你既不具三从四德，又不守三纲五常，如此不仁不义不礼不智之人，你还有何脸苟活于世？！”说至最后，方云声色俱厉，猛的一步迈到了宣华夫人面前，手指几乎要顶到了她的额头。\n\n“你，你，你……”宣华夫人这一下，被方云骂得花容惨淡。她感觉就好像行军打仗，明明围追堵截，把个蹩脚敌人追得穷途末路，眼看就要杀灭对方。哪里知道，对方却是扮猪吃老虎，一声炮响，两翼直接杀出无数兵士，反入了对方重围。\n\n方云发起了最后的反攻：“你口口声声前朝前朝，我朝乃是大周朝，律法乃是大周律法。你以前朝律法判罚本朝王侯，是何居心。我大周朝自太祖立国至今，有一千多年。其间，前朝余孽不尽，莫非你平鼎侯府早已与逆贼勾结了，要改天换日，谋朝篡位，重立前朝吗？！”\n\n“咔嚓！”\n\n宣华夫人这一惊可非同小可，她哆哆嗦嗦的指着方云，神情如见鬼魅。只见她喉节窜动，胸膛起伏，猛然的双眼一翻，从太师椅上翻了下去，倒在地上，一口气没升上来，直接晕过去了。\n\n她这一下，不是气的，是吓的！\n\n任何朝代，谋朝篡位都是十恶不敕的大罪。二百年前，就有一个贵族侯因为牵涉进了前朝余孽案，直接满门抄斩，这可是活生生的例子！宣华夫人一朝不慎，被方云抓住漏子，戴个勾结乱贼，谋朝篡位的帽子。真要皇室怪罪下来，马上就是抄家灭族，谁也罩不住！\n\n“干娘！”杨谦大惊失色，情势变得太快，他几乎都反应不过来。\n\n“夫人！”两排木无表情的锦衣护卫也变了颜色。\n\n哄！\n\n大门外，看到宣华夫人被方云气倒，人群不由哄然。\n\n“这个方云，嘴舌功夫居然如此厉害！”\n\n“厉害啊。宣华夫人本来想治他，没想到一招失误，被方云反将一军，扣个谋逆的罪名！”\n\n“不得了，谋朝篡位！这可是杀头的大罪啊！”\n\n“瞧着吧。平鼎侯府只怕不会休！”\n\n“不见得。方云根本没动过她一根寒毛。要说起来，也是宣华夫人失礼在前。一位诰命夫人辱骂另一位当朝诰命夫人，总归有失体统！”\n\n……\n\n人群中议论纷纷，都往方云这方指指点点，说什么的都有。\n\n看着这个趾高气昂的女人被自已三言两语吓昏过去，方云心中升起一股报仇的快感。对于这些侮辱亲人，特别是母亲的人，方云从不手软。然而这丝快感，很快就消退了。方云心中升起一丝淡淡的失落：\n\n“归根结底，还是我的力量太弱。如果我手握重兵，位极人臣，一拳就能把平鼎侯府的护卫收拾妥贴，一个调令就能让平鼎府灰飞烟灭，哪里还用得着受这种妇人的气！”\n\n衣袖一甩，方云也不去理会身后的混乱，径直穿入人群，从学宫走了出去。\n\n方云没有返回四方侯府，他乘着马车，一路往上京城西郊而去。\n\n“就在这里停了吧，”方云让车夫停了，从马车里钻了出来。眼前绿柳成排，一条清流的渌水浩浩荡荡，蜿蜒向东而去。\n\n渌波浩荡，方云心绪一如波涛难平，经此一事，他心中的涌起更强烈的对力量的渴望。\n\n“我需要力量，更加强大的力量！只有无敌的力量，才能在波诡云谲的世道中，保护住自已身边的亲人！”每个早晨，他都会被那个过去的噩梦惊醒.天赋惊人的大哥,手握重柄的父亲,这些都不能带给他安全感。只有自已掌握强大的力量，方云感觉自已才不会这样一次次惊醒。\n\n“十多年，我浪费了十多的时间啊！可恨，我尽管醒悟的早，但依然只有元气级的修为。在这茫茫世间，不过蝼蚁一般的角色！”\n\n方云心思混乱，猛的一把扯掉外衣，一拳轰出，便在这寂静偏远的渌水畔练起拳法来。\n\n“莽牛奔野！”\n\n“莽牛分鬃！”\n\n……\n\n一拳拳打出，方云心思渐渐平静下来。渌水般轻风徐徐，水波荡漾，方云的心神不知不觉中，晋入了一种空灵的境界。脑海中，除了拳法，一片空白，什么也不去想他。\n\n“莽牛冲撞！”\n\n方云猛然大喝一声，双拳同时递出。四周的空气猛烈搅动，起了两个大旋涡，只见方云双拳震动，两道星斗般的气流破拳而出，轰到十丈长外的长柳树上。\n\n砰！砰！\n\n渌水河畔接连两声剧响，两棵长柳树中段，砰的爆炸开来，漫天木屑飞上天空。木屑中，长柳树上半段树冠，重重的倾倒。\n\n两拳出手，造成骇人声势，方云终于惊醒过来。莽牛冲撞这招最耗体力，两拳脱手，方云立即感觉全身乏力，虚脱了一般。不过，就在此时，方云突然感觉一丝微弱的气流在腹部升起。\n\n“真气！”\n\n方云心中震惊，继而大喜。那暖烘烘的感觉，确实是真实无疑。\n\n“没想到在这个时侯踏入了真气级！”微微的喜悦过后，方云想起了自已所知的武学常识。\n\n武道一途，元气级练拳法，真气级练的是呼吸引导之术。\n\n与天地元气不同，真气融合了每个武者自身的血气精华，几乎相当于武者的第二生命一样。这也就是为什么，许多武道强者拥有惊天的能耐，但他们的子嗣依然要一步步，从元气级练拳开始，慢慢练出属于自已的真气。\n\n武者，只有自已练出的真气才能留在体内，外部的真气，即便输入体内，也留不住，立刻就要流失掉！\n\n“这个时侯达到了真气级，我得好好规划下，”方云心神沉静，并没有被喜悦冲昏头。\n\n几乎是一刹那，方云立刻就想到了清昶公主手中的地级珠：“还有一个月的时间，我要抓紧时间，把境界稳固住。然后利用好好谋划，一定要夺得地级珠！”\n\n地级珠这般武道至宝，对于方云来说，是殛需之物。但对于皇室来说就不一样了。当今皇室以武立国，皇室国库之中，不知道收藏了多少上古功决、远古法宝。一颗地级珠对家业颇大的皇室来说，根本算不了什么。\n\n心中打定主意，方云立刻招呼车夫，马不停蹄立刻赶回四方侯府。\n\n平鼎侯府这几日，果然静悄悄的。半点消息都没传出来，不止如此，学宫里也没有传出任何消息。就像当日什么事情也没有发生一样。\n\n“没有事情更好！宣华夫人肯定是派人威胁了那些士子。她被我一个未束发的士子，羞辱成那个样子，什么面子都丢光了！自然是掩饰还来不及。”\n\n方云观察了数天，见宣华夫人那边毫无动静，立即就知道了他们的心思。手掌一松，方云把一只青瓷茶杯放到了桌上。片刻之后，一阵轻风荡过，这青瓷茶杯便无声无息的化为了齑粉。\n\n这就是真气级的厉害之处了。元气级武者能摔碑裂石，却不可能像真气级武者一样，外部不变，直接破坏物体内部。', '3430', '0', '2017-11-11 21:22:22');
INSERT INTO `chapter` VALUES ('20', '1', '第十六章：地级珠', '清晨，寒雾袅袅。两匹大马拖了一辆马车出现在学宫前。\n\n“一个半月的时间已过，到了和清昶公主约定的时间，”方云一身白衣劲装跳了下来。霜降已过，再过一段时间，就是立冬了。\n\n天气越来越冷，学宫中往来穿梭的王公士子，身上大多披了一件锦袄或是狐皮衣之类的。只有方云依然穿着一件衣服。这就是真气的好处，能极大的抵抗寒气。\n\n“方云，是方云来了！”周围的人看到方云下来，大叫一声，一个个作鸟兽散。\n\n“不得了，清昶公主正在里面等着他。他前不久才招惹了宣华夫人，居然还招惹了清昶公主。真是个祸精，离他远点。”\n\n周围的学子看他的目光，像洪荒猛兽一样。这也怪清昶公主在上京城的凶名太盛，方云和清昶公主约斗的事，被皇宫压了一个多月，直到现在，终于公布出来。\n\n“连心中的王权、君权都突不破，注定是庸庸碌碌之辈！”方云冷冷的扫了一眼，大步的跨入学宫。他武道步入真气级，精神、气质都有了极大改变。\n\n跨入学宫，方云第一个就见到了张英和周昕。一个多月的时间，这两位士子修练莽牛劲，精神气势也改变了许多，显出一种风骨来。\n\n“方兄，你来了。清昶公主纠集了几个贵族侯世子，已经在云梦亭里等了很久，就准备看你的笑话呢！”张英急的像热锅上的蚂蚁，满头大汗。一个多月的苦练，张英也开始摸到一点武道精髓，但越是这样，让他越发的明白罡气级和元气级的差距。\n\n方云天赋固然不错，但张英也绝不盲目的认为，方云就可以打过清昶公主。毕竟，清昶公主深厚的背景和实力摆在那里。明眼人一看就知。\n\n“无妨，我早有准备，”方云眼神明亮，精神汇聚，显露出不可撼动的意志。\n\n周昕听方云这么说，嘴巴张了张，终于还是拉过张英：“张兄，既然方兄早有准备。我们就不要打击他了。”\n\n方云对周昕点了点头，便从两人中心穿行了过去。\n\n云梦亭，人头攒动。\n\n清昶公主换了一身白色劲装，身上披了一件大红金边的氅衣，大马金刀的坐在亭子外。在她身边，有文曲侯世子严伦、莽荒侯世子许权、山河侯世子高韦、锦绣侯世子蔡风。这几个世子，都是学宫中一等一的武道高手，而且除严伦之外，都是贵族侯一列。\n\n清昶公主把这几个人拉过来，用意相当明显。方云既然挑战过贵族侯一脉，那就索性把这些贵族侯世子拉过来，狠狠的看他的笑话。\n\n云梦亭前，众多士子围成一个弧形，弧形的凹面正对着大门方向，显然是等方云过来。这弧形第一圈，站的都是学宫里的杰出学子。这些学子里面，有元气巅峰的，有真气级的，也有少量罡气级的。一个个身材修长，面目阴冷，论年纪，都要比方云大上许多。统统都被清昶公主拉了过来。\n\n“这个方云，好大的架子，居然让这么多人等！”\n\n“架子不大，怎么敢挑衅清昶公主。”\n\n“罡气级的武者，一出手，刀剑一样。斩金削铁，不在话下。这方云不知天高地厚，恐怕有得苦头吃了！”\n\n一干学子等在亭子外，半天不见方云人影，急躁起来，一个个议论纷纷，极为不满。\n\n亭台上，清昶公主闭着眼睛，将所有的声音收入耳中。她的手指在石桌上轻轻敲击，一快一慢，极有节奏。\n\n“方云这小子，上次在竹轩楼，居然说我不忠不孝不仁不义。我什么时侯吃过这样的亏，丢过这样的脸。这次就当着众人的面，好好的教训他一顿。我也不杀他，这次我特意纠集了这些人，让他们跟着我一起等方云。他方云若是输了，这些人都不会放过他。以后学宫里，遍地都是他的敌人。”\n\n清昶公主早已考虑周全，当初她选择学宫并不是没有道理的。皇室的公主，有专门的大儒教导，不必来学宫。但方云天天是要来的。若是造势，让学宫里的高手，统统和方云站在对立面，以后他在学宫里，就寸步难行了。\n\n“松竹轩里，知道我和方云之间过节的人，我统统下了封口令。只要这次好好教训了方云，让他在我面前，学狗叫，做奴才，以后自然没人记得这回事。一个嘴里学狗叫，做奴才，没骨气的家伙，嘴里说的胡话，又有几个人会注意呢，”清昶公主微睁了一线，眼睛里闪烁着许多想法。\n\n“来了，方云，来了！”一名士子突然指着前方叫道。\n\n清昶公主唰一下完全睁开眼睛，目光扫向方云。一个半月的时间，方云身上明显有了很大变化。如果说，方云这前流露出的气息，如同一棵青竹，压不倒推不垮的话。现在的方云，已经变成了一棵苍松，步履之间，给人一种厚重、沉稳的感觉。\n\n看到方云出现，一双双目光唰的扫了过去，都集中到了方云身上。整个云梦亭鸦雀无声，产生一股庞大而无形的压力。\n\n哒！哒！哒！\n\n方云的脚步从容而稳健，这么多人注视，他神情却平静如水，没有丝毫起伏。自身的经历，让方云已经很难把自已和这些普通的士子放在一起。事实上，在方云的记忆里，除了清昶公主以及她周围的那些大世子、世子外，其他学子里面，几乎没有出过什么人物。\n\n“方云，一个半月的时间，你准备好了吗？”清昶公主微眯着眼睛，光洁的下巴微微仰起，高傲的看着走过来的方云。\n\n方云闻声，脚步戛然而止：“准备好了没有，试过不就知道了！”\n\n两人见面第一句话，就火药味十足。\n\n云梦亭内，众贵族大世子脸色微微一变。早知道这方云胆大包天，但也没想到，在皇室公主面前，他居然也敢如此不逊。莽荒侯世子等人感觉都是极为不悦，推已及人，这方云连公主都不在乎，哪里还会在乎自已这些世子。\n\n清昶公主神色不变，眼角余光一扫，却将众大世子的眼光都收入眼里。心里满意的一笑，她要的就是这个效果。大周律法森严，她虽然贵为公主，但也不能随随便便打死一个大周学子。让这些大周世子去对付他，源源不断的找他的麻烦，要比自已做起来好多了。\n\n弧形圈外，凑近来看热闹的学宫士子心情则复杂多了。有认识方云的，感觉方云短短几个月内的变化实在太大了。以前都在一个学堂中听课，方云一向低调，谁也没有注意过这号人。说是王侯士子，但在众人以前的印象中，就和那些普通官吏的孩子差不多。\n\n“废话不多说，方云你准备好做我的狗奴才了吗？”清昶公主冷笑着，站起身来。左右，自有清秀、乖巧的侍女帮忙解去身上的厚氅。\n\n“我方云说话做事，自然有一说一，言出必行。我要的地级珠呢？”方云沉声道，声音里显露出强大的自信。\n\n“这个奴才，怎么有这么强大的自信？难道他这段时间苦修，弄出了什么厉害的杀手锏不成？”感觉到方云强大的自信，清昶公主心中也动摇了一下，想不明白，他凭什么有这样的自信。\n\n“不行，这方云言行狡诈，说不定，他就是故意这样，好打击我的信心。我倒不信了，以我罡气境的修为，压都能压死他！”清昶公主黑长的睫毛眨动，立刻把所有杂念抛之脑后。\n\n清昶公主手指一伸，食中二指尖，就出现了一颗白色晶莹的珠子，散发着袅袅的寒气，一下子吸引了众人的注意。\n\n“地级珠啊，宝贝！那可是比人级珠强上好多倍啊！”\n\n“一般的王侯，别说地级珠，人级珠都没有。这还是皇室的积累要远远厚实，一颗地级珠，随便就能拿出来赌斗，全不当一回事！”\n\n……\n\n周围的人都议论开了，就是不少大世子，看到这颗珠子也是眼谗不已。他们身上也没有这种宝贝，这些大世子，从出身起就浸泡各种灵草灵药，服食各种灵芝灵参，增强肉身，一个个身手惊人。他们武道修为，比方云还要高许多，但也不敢想从皇室公主手中抢夺这珠子。\n\n一颗地级珠到手，那是不错，但以后，也意味着无穷无尽的麻烦！', '2901', '0', '2017-11-11 21:22:42');
INSERT INTO `chapter` VALUES ('21', '1', '第十七章：左青龙探爪八势', '“看到没，只要你有本事，尽管来拿，”清昶公主把地级珠收入怀中，一边往下走，一连从腰间抽出一根火红长鞭。用力一甩，啪的一声，长鞭荡过的地方，留着一道道火红的痕迹，空气好像都要被烧着了。\n\n“方云，亮出你的武器吧，”清昶公主微仰着头，一脸高傲的朝方云喝道。\n\n“王侯家的积累，比不得皇宫。公主要战，我就用这双拳头吧！”方云说着大步跨入了战圈。\n\n清昶公主呆了一呆，方云这话的潜藏意思很明显。我不是不想用兵器，而实在是家中没有你们皇室那样的积累，你要是脸皮够厚，我用双拳，战你的长鞭就是。\n\n周围的目光顿时有些异样了。清昶公主手中长鞭的威力，大家都看到了。她本就是皇室公主，修为比方云高，这场约斗本就没什么悬念。清昶公主却还要依仗兵器出场，这就有些太欺负人，显得太不公主了。\n\n“哼，既然你不用兵器，我也不用兵器欺你，”清昶公主手腕一抖，又把这兵器插入腰上。\n\n周围的士子这才点点头。大周武风极盛，大家基本都知道，武道达到罡气级，罡气贯注，双手便有如最利的刀剑，吹毛断发，削铁如泥不在话下。清昶公主舍弃了长鞭，对她并不会有多少影响。\n\n“这个小子好狡诈，三言两语就废掉了清昶公主最起码三成的战力！”亭子里，锦衣紫服，气息凝练，如岳峙临渊的山河侯世子高韦眨了眨眼睛，脸上闪过特别的意味。\n\n别人不知道，许权心中却清楚，清昶公主大半修为，都集中在这条火蟒筋皮绞成的长鞭上。舍弃了长鞭，清昶公主就像蛇拨掉了牙，虎没了爪，实力大减。\n\n“小子，高明！”文曲侯望了眼方云，抛过去一个赞赏的眼光。\n\n清昶公主捋了捋袖子，露出雪白修长的手掌。大步跨入了战圈，于方云身前二丈站定：“方云，你也别高兴太早。我三个月前，早已从父皇那里讨得了一套《撼世皇拳》。你想和我斗拳法，那只能是自讨苦吃！”\n\n“什么？撼世皇拳？”山河侯世子高韦、锦绣侯世子蔡风闻言神色明显一震，以他们的家世学问，自然比一般世子知道很多。\n\n撼世皇拳，乃是当今人皇还是皇子的时侯创立的拳法。这套拳法博大惊深，练到大成之境，号称拳声如龙吟，拳气聚集，化为五爪金龙，便是一座泰山，也能撞塌、撞碎！\n\n“人皇居然会把这套拳法传给了她！”许权心中微微讶异，这套拳法，一般是非皇子不传的。作为人皇自创绝学，这套撼世皇拳要比大周王侯的拳法高明太多。\n\n“没想到清昶公主居然还学了这等皇室绝学。方云没有希望了，”文曲侯世子严伦心中微沉，深知撼世皇拳的霸道，立刻感到方云胜率渺茫。\n\n“既然如此，就让我见识一下公主的撼世皇拳吧！”方云脸上毫无动静，就好像从没听说过撼世皇拳一样。\n\n“孤陋寡闻，不知天高地厚的奴才。今天，我就让你知道，什么叫做皇室威严！”\n\n清昶公主心中恼怒，也不客套。双脚用力一蹬，一个兔起鹘落，立刻逼到方云三尺之内。\n\n“方云，接第一招，皇龙震世！”\n\n只听一声震天龙吟，清昶公主周围三丈之内，空气炸开，一波波空气粘稠如水般动荡，发出强大的吸扯力量。清昶公主的右掌猛的从水波涟漪中探出，白皙的手掌覆着一层金色的罡气，五指一爪，化为一只巨大龙爪，一把抓向方云。\n\n“野牛奔驰！”\n\n方云反应极快，清昶公主刚刚迫近，就看到他肩微耸，腰微弓，脚力一蹬，猛的向一旁窜出。这一下速度奇快，立刻就从清昶公主周围粘稠的气流中挣脱出来。\n\n“怪不得有这种自信，原来是练成了真气！”清昶公主感觉眼前一晃，方云闪向一边，立刻就知道方云练成了真气。\n\n皇龙震世，这一招的拳意，取的就是皇龙出世的时侯，石破天惊，震慑万兽的意境。一般的元气境武者，面对这招，别说回手，就是动都动弹不得。也只有修为到了真气级，体内真气流转，产生极大力量，才能跳脱出来。\n\n“方云，你想哪里逃！”清昶公主大喝一声，改抓为拍，反手就是一掌拍了过去。这一掌，气息浩荡，带着一股摧枯拉朽之势。\n\n“莽牛冲撞！”\n\n方云从容不迫，双臂一震，莽牛拳最强的一招已出手。方云这一招出手，整个云梦亭都回彻着宏亮的牛嗷声，仿佛有无数头牛在矿野中激烈冲撞一样。修为达到真气级，肉身力量配合真气，方云这招威力暴涨了十倍不止。\n\n砰！砰！\n\n就听得两声剧响，方云发出的青色拳气撞在巨大龙爪上，只微微阻止了一下龙爪，立刻就被清昶公主一掌抓碎。\n\n唰！唰！\n\n方云脚下连弹，利用拳风阻住爪势的一点时间，立刻拉开了和清昶公主的距离。\n\n“清昶公主，第一招了！”\n\n“还有两招，你接着吧！撼世皇拳第二招皇龙怒吟！”\n\n清昶公主也不多说，缩掌为拳，一拳轰出。这一招出手，云梦亭内外，只觉狂风大作，满空金光，几乎无法呼吸。恍然之中，一只金色龙头带着无穷的威压破空而出，扑向另一方。\n\n“机会来了，等的就是你这招！”清昶公主惊世一拳破空而来，方云不惊反喜，体内真气沸腾，猛然一声长喝：“清昶公主，你也接我这招！喝，第一式左青龙腾空探爪势！”\n\n吟！\n\n方云猛的拨地而起，身躯在空中一晃，周身真气涌出，化为一条三丈长青鳞大龙，首尾俱在，四足齐全。四足一划，猛然在空中划出一道弧形，堪堪避过清昶公主的皇龙怒吟。\n\n砰！\n\n青龙腾架入空，突然一折，俯冲而下，巨大的左爪探出，重重拍在清昶公主身上。只听一声娇呼，清昶公主飞起数丈，落后跄踉退出数步，这才止住去势。她的胸膛急剧起伏，一双美目不可思议的看着方云。\n\n“第二招，你输了！”青龙落地，又显化出方云的身形来，一身白色劲装，说不尽的洒脱。\n\n满场死寂，所有人震大了眼睛，不可置信的看着方云。显然没有想到，方云居然能使出这招。便是强大如许权，心中也充满了震惊。\n\n左青龙探爪八势，这是四方侯方胤当年赖以震惊天下的绝学，整个上京城的士子，几乎没有不知道的。这套绝学施展到极致，能显化数公里的巨大龙躯，抓山裂海无所不能。\n\n但这并不是说，左青龙探爪八势就真的强过皇族绝学了。撼龙皇拳施展到极致，同时有崩天灭地，斩神杀魔的本事，这其中的区别，主要还是看施展者的武道修为以及战斗经验。\n\n文曲侯世子严伦心中也是极度震惊，微一思忖，突然露出一丝笑容：“方云的修为不及清昶公主是毫无疑问的。不过他施展这招左青龙腾空探爪势的时机，拿捏的妙到毫巅。清昶公主的拳劲袭来的时侯，正是他腾空而起的时侯。若是早上半分，或是晚上半分，恐怕就不是这个场面了，而是青龙半空腰斩！”\n\n撼世皇拳以霸道、威猛著称，在灵活性上，是远远不及左青龙腾空探爪势的。\n\n“不过，任何武学都有缺陷，但这种缺陷往往一闪即逝。只有看到第二遍的时侯，才有可能抓捏住。皇室的武学平时极少流露，这套撼世皇拳也是清昶公主第一次使出，连我以前都没见过。这个方云，他又是怎么知道的？难道他真的是战斗天赋惊世绝俗，远超我们吗？”严伦心中百思不得其解。\n\n“这一个月的苦修，以及准备总算没有白废。可惜我修为还是低她一个档次，破不开她的罡气防御！”方云心中暗道。严伦却是不知道，皇室的这套撼世皇拳，方云曾经在前世见清昶公主施展过一次。\n\n正是仗着这种前世的见识，当日，方云才敢答应清昶公主的约斗。方云以言语拿捏住清昶公主，让她弃鞭用拳，正是逼她使出撼世皇拳！\n\n清昶公主的脸色一片苍白，不可置信的望着方云，几乎失去了思考的能力。\n\n“怎么可能！怎么可能！我们皇室的绝学，怎么会输给一个平民的武学！”落败还在其次，方云这一招左青龙腾空探爪势虽然没能摧毁她的护身罡气，却直接摧毁她无敌的信念，也摧毁了她心中皇室武学至高无上的形象。\n\n“不可能，一定是侥幸，一定是侥幸！四方侯的武学，怎么可能高过我皇室的绝学！”\n', '3024', '0', '2017-11-11 21:23:15');
INSERT INTO `chapter` VALUES ('22', '1', '第十八章：震慑全场', '清昶公主银牙一咬，猛的纵身一跃，施展出了撼世皇拳的第三式！\n\n吼！\n\n空气炸裂，狂风大作，满空金光，清昶公主身躯在空中一晃，便化为一条七丈余长的金龙，带着一股强大而威险的气息腾空而起。\n\n撼世皇拳第三式皇龙腾空！撼世皇拳中，这是唯一一招化龙绝学。\n\n“来得好！”\n\n看到清昶公主化为金龙腾空，方云这次比上次出手更快。几乎是金龙刚刚化成，摆出冲天之势，方云就身躯一纵，跃入空中。\n\n左青龙腾空撞星势！一条青龙腾空而起，以迅雷不及掩耳之势撞在金龙腹部！\n\n武道一途，不管真气级还是罡气级武者，都不具有御空飞行的能力。唯一的办法，只能是借助特殊的功法、绝招，短时间腾空而起。但相应的，身在空中，没处借力，很容易被人打落下来。\n\n轰！\n\n一声剧响，空气炸响，清昶公主被方云从天空撞落下来，一招皇龙腾空，在方云面前居然会没有机会施展\n\n“你！——”清昶公主双肩摇晃，摇摇欲坠。姣好的脸孔上，再没了一丝血色。如果说方云第一次侥幸，第二次就是必然了。\n\n“三招已过，地级珠交给我吧！”方云大手一伸，漠无表情道。\n\n“不可能，你才真气级，我怎么可能输给你！”震惊之后，清昶公主是满脸的不可思议，猛的一抽腰间的长鞭，火红的罡气熊熊燃烧：“狗奴才，我不相信，你会强过我！……”\n\n砰！\n\n一步踏碎身前的石板，方云冷硬道：“约斗只有三招，清昶公主，你要食言吗？”\n\n清昶公主神色一滞，哑口无语。确实，约定是只有三招的。隐隐的，清昶公主感觉自已被针对了，方云似乎对撼世皇拳非常熟悉。\n\n“不行，方云，我们再斗一场。赌斗条件你提！”清昶公主狠声道，她的性子从来要强，从来没有被人这么狠狠打脸过。\n\n“没有兴趣！”\n\n方云冷冷的把清昶公主给赌了回去。方云清楚的很，他只不过仗着前世见过清昶公主的撼世皇拳，并不是本身实力真正强过她。这个女人一旦清醒，改拳用鞭，方云一身武功就无法发挥！\n\n清昶公主脸色阴晴不定，半晌没有动静。\n\n“怎么，清昶公主，你要食言吗？莫非，你连这颗地级珠也输不起吗？”方云感觉到清昶公主内心的挣扎，立即加紧一步，拿话挤压道。\n\n“哼！方云，算你狠。一颗地级珠，我还不是输不起，”清昶公主手掌一扬，就要把地级珠扔过去。\n\n“慢着！”\n\n声音一落，亭子里，走下一名十六、七岁的少年。面容清秀，眉毛修长，身上穿着纹云锦衣，举手投足华贵无方。只不过，这少年眉宇间有股阴狠的气息，方云看一眼就感觉不舒服，对这个人没好感。\n\n横生节数，所有人都把目光集中到了锦锈侯世子蔡风身上。\n\n“地级珠好歹也是武道圣品，岂能三招定输赢？天下哪有这种好事？不如，我们来赛上一场，你如果赢了，地级珠你随时可以带走！”\n\n蔡风一边走，一边解开身上的披风，他步伐不徐不急，一步跨出就是数丈，几步就到了战圈之中。\n\n“哼！你当我和你一样蠢吗？拿我的东西和我赌！”方云毫不客气道。\n\n“你！”蔡风眼神一眯，目露寒光：“哼！你即然答应了清昶公主的约斗，那就不妨接下我的约斗吧！我这里有一本《锦绣山河拳》，就作为赌斗的彩斗。方云，下吧！”\n\n清昶公主战败，一干贵族侯世子也是脸上无光。在某种层次上，贵族侯与皇室的公主们，在地位上是休戚与共的。这里这么多学子看着，这些大世子哪里能让方云这么轻松走人。\n\n“《锦绣山河拳》，能比《左青龙探爪八势》更强吗？你觉得，我要是脑袋正常，会答应你这种赌斗吗？”方云冷声道。这些即然摆明了立场，也没必要跟他们客气。\n\n方云这翻话放出来，蔡风顿时气得脸色铁青。不过，他虽然高傲，但也不敢说，锦绣山河拳就比左青龙探爪八势更厉害。上京城里，平民侯与贵族侯的争执一直摆在暗处，谁也不敢明面上挑起两者的争斗。\n\n四方侯方胤坐镇蛮荒，一套左青龙探爪八势施展起来惊天动地，不知斩杀多少蛮荒敌顶强者。私底早有传言，四方侯坐镇蛮荒这么多年，实力早已是平民侯中第一人。就算是锦绣侯也不敢就这样放话，说他的绵绣山河拳就一定能胜过左青龙探爪八势。\n\n所谓文无第一，武无第二，大周朝的王侯长年沥血边缰，哪一个不是霸道的主。蔡风只要敢放出这种话来，马上就要捅下天大的篓子。到时，谁也护他不住。\n\n“方云，这么说。你是瞧不起我们贵族侯，硬是不肯答应了！”蔡风也是厉害的角色，他绝口不提锦绣侯，随口一拖，把整个上京城的贵族王侯拖到了自已身后。\n\n蔡风这话一出，不少观战的士子立刻嗅到了危险的气息。不少人立刻散去，不想趟入这块浑水。\n\n方云何等精明，怎么会被他拖下去，大手一摆：“蔡风世子，你也不废话了。如果你只是想要和我方府赌斗的话。我替我大哥方林答应你，你只管划下道来就是！”\n\n“你！”蔡风脸色大变。他不断拿话挤压方云，不过是看穿方云的修为比他差上一个层次。方云能打败清昶公主，可并不意味他就能赢过这里所有的贵族侯世子。这些贵族侯世子虽然是被清昶公主拉过来的，可不意味着他们修为就比清昶公主差。\n\n清昶公主天资惊人是不过，但她今年也不过十五岁。不论是文曲侯世子、莽荒侯世子、山河侯世子还是他，都要比清昶公主大上很多。\n\n出生的早，就意味着更早的接触武道，更早的踏入武道更高境界。单以修为而言，清昶公主也不过是刚刚踏入罡气境不久。在场比她修为高的，就有好几个。莽荒侯世子许权就是一个。\n\n方云一打出大哥‘方林’的名号，就见得亭子里，几个大王侯家的世子都变了脸色，就算武道修为最高的许权，听到这个名字，神色也有些极不自然。\n\n和方云不一样，整个上京城，没有几个人不认识四方侯世子方林的。那一位行事百无禁忌，礼数王法全然不顾。偏偏那位，武道天赋极其惊人，同时修练也极其疯狂。\n\n当年四方侯世子还没走出学宫时，张狂霸道，什么人都敢揍。这里不少人都被方林欺压过，其中就包括锦绣侯世子蔡风！曾经有一段时间，蔡风根本不敢来学宫。原因就是方林！\n\n“怎么样？世子挑个日子吧，我会转告我大哥。到时，他肯定会到场的！”方云继续道。\n\n“方云，算你狠！”蔡风怒哼道，也不返回亭子，直接拂袖而去。这种毫无悬念的赌斗，他是绝不可能答应的。\n\n方云心中哂然，论嘴上功夫，十个蔡风都不是他的对手。蔡风以强大的修为压挤他，方云便以大哥方林反过来挤压他。这就是以彼之道，还彼之身。\n\n严伦望着蔡风的背景，目中满是忧虑。方云惹下的敌人，可就太多了。\n\n“狗奴才，地级珠拿去！”清昶公主五指一弹，把地级珠掷了过去，一时意兴索然：“不过，你也别太得意。我还会再找你的！”\n\n方云坦然接过地级珠。至于蔡风，方云不会主动去惹事，但也不会惧了任何麻烦。\n\n“都散了吧，”亭子里，许权轻轻点了点头，几个贵族侯会意，相继散去。再留下来也没什么意思了。\n\n“方兄，恭喜！”严伦走了过去，双手握起，拱手道。\n\n“侥幸！”方云回了一句。严伦想拉拢他，是毫无疑问的。但方云一直搞不清他的意图。上京城里，文曲侯虽是属于平民侯一脉，但立场一直摇摆不定。\n\n“不过，你这次赢了清昶公主，得了地级珠，却得罪了一大批人。以后可得小心啊！”严伦提警道。\n\n“无妨，虱子多了不怕咬。彼此立场不一，反目是迟早的事。不过，我大周朝的律法毕竟摆在那里，我相信他们还没有这个胆子乱来！”\n\n“呵，我只是提个醒。你即然早有对策，那就更好。不打扰你了，我先走一步，以后有空不妨到我府上一聚！”严伦给出了邀请。\n\n“自然！”', '2949', '0', '2017-11-11 21:23:36');
INSERT INTO `chapter` VALUES ('23', '1', '第十九章：变化', '严伦一走，张英、周昕立即从后方山石后转了出来。两人脸色通红，掩不住喜色。\n\n“方兄，没想到你真的打败了清昶公主！我和周昕刚刚心都提到嗓子眼了！”\n\n“是啊，清昶公主在武道上的天赋是众人公认的，没想到，她也不是你的对手！”\n\n方云摆了摆手：“还不算真正的战胜。我的真气根本破不了她护体的罡气。她吃亏就长于深宫，金枝玉叶的身份。以她的地位，哪个护卫敢真个和她相斗。要是一个失手，伤到了她，马上就是掉脑袋的事。每场战斗，都有护卫放水，她虽然天赋惊人，但实战能力就不见得强到那里！”\n\n张英、周昕闻言，顿时感觉一头冷水泼下。两人都不蠢，细一思考，也明白过了。\n\n“清昶公主练武以后未尝败绩，这次我打败了她，回去之后她肯定会反醒。以她的资质，必然能明白护卫们在放水。下次再要碰上，情况可就不一样了！”\n\n方云低头看了一眼手里冰凉的地级珠，心里加了一句，确实会不一样。\n\n有了这颗地级珠，方云达到罡气级，是指日可待。同等的层次，方云有信心战胜任何对手！\n\n“你们莽牛拳已经悟到拳法拳意，怎么样？你们在府中的处境有没有什么改变？”\n\n方云心中一动，问道。\n\n“方兄，承你的情。不久前，父亲把我们叫过去考究武功的时侯，大出了一把风头。父亲虽然没有说什么，但我感觉到，他也很震惊，”听方云问起自家的事，张英掩不住兴奋。他从怀中掏出一本薄册，道：“这是我母亲交给我的。我母亲根本不会武功，铁定是我父亲托她转交给我的！”\n\n方云看了一眼，这薄册上写着《无俦拳涛》，并不是忠信侯的成名绝学。不过，很显然，这也表明了忠信侯的一种态度。相信只要张英能进一步表现出武道上的天赋，忠信侯便会把更高一层的拳谱交给他。\n\n“不错，”方云拍了拍他的肩膀，也真心替他高心。想了想，方云道：“你父亲只给你拳谱，却并不亲自教你，也不给你请师父。想必这即表明了他的一种功必赏的态度，同时也是一种试探。只要你凭借这本拳谱，自行悟通。忠信侯对你的看法必然全盘改变，到时自有进一步奖励！”\n\n“嗯，我明白！这套拳谱我也看了一遍，有了莽牛豢的基础，这本拳谱看起来，倒并不困难。对了，方兄，你要不要一起参悟，”张英显得很慷慨。\n\n“不必了。侯府的武学一般不能外传，若是让你父亲知道我看过，恐怕对你的处境不利。”\n\n“嗯，周兄，你呢？在府中的处境有没有什么变化？”方云扭头看着周昕，问道。\n\n“十天前，我和母亲从柴房搬到了厢房！”周昕道，兴奋之中，依然有些失落。但不管怎么样，这至少是一种改变。\n\n“别泄气。神箭侯行事从来公允，对事不对人。如果你真表现出武道的天赋，他必然还会有进一步动作。”\n\n想了想，方云从怀中掏出人级珠：“这颗珠子是我夺自杨谦的，现在有了公主的地级珠，自然没有必要再带着。可惜珠子只有一颗，你和周兄拿去后，每个月的单数由张兄使用，双数由周兄使用！\n\n张英、周昕互相看了眼，又是震惊又是感激。这种至宝，方云说送出就送出，这需要多大的手笔和气魄啊！两人练武起步太晚，这颗人级珠对他们来说，是雪中送炭。\n\n“多谢！”张英、周昕也不客套，接过了人级珠。两人都是心思雀跃，几乎按耐不住。有了这颗珠子，他们的处境就能有极大改变。\n\n“这次得罪了不少贵族侯士子，我得回去修练武功，积累真气，以免到时侯，他们来找麻烦。我先走一步了。”\n\n方云深知这些贵族侯世子的恐怖。与清昶公主不同，这些世子培养的方向，就是为了将来上战场，铁血杀伐，接替父辈军权的。\n\n“得全力修练，尽快跨过罡气境！”方云心里狠狠道。罡气境到气场境，隔着一条鸿沟。这两者之间的差距，要远从元气境到罡气境大得多。不少武者跨不过这道尴，就此停留在罡气境。\n\n要知道，连方云的大哥，方林都还停留在罡气巅峰，何况其他人！\n\n和张英、周昕分别后，方林在学宫中一刻都没待，直接打道回府。在家潜心修练！\n\n****\n\n大周皇城，景仁宫内。\n\n玉榻上，一名华美的妇人正在细心的绣着一只金凤，突然一阵风从宫门外卷了进来。\n\n“娘亲，我被人欺负了，你要帮我！”清昶公主扑进母亲庄华娘娘怀里，抱着她的膝头，哽咽着。\n\n“我的宝贝女儿，怎么了，是谁有这么大胆子，敢欺负你啊！”庄华娘娘放下剌绣，一边抚摸着清昶公主的长发，一边安慰道。\n\n庄华娘娘声音说得细声软语，内心里却吃吃笑了起来。知女莫若母，自已这个女儿一向要强，性子蛮横，这宫里宫外被她欺负的人，不知有多少。难得遇到了对头，能让她吃憋！\n\n清昶公主抬起头来，一张脸犁雨带花：“娘亲明知故问，除了方家的那个小子，还能有谁？”\n\n“是他？”庄华娘娘眉头小蹙，这上京城能打过清昶公主的不少，但敢这么做的却不多。这些人里面唯一没有想过的，就是方云。\n\n“难道他又出言不逊，羞辱你了？”庄华娘娘心头也有些不悦了，可一不可二，毕竟是皇室的脸面，这小子做的也有些过了。\n\n“娘亲，你不知道。这次他做的比竹轩楼那次还要过份！他，他居然当着学宫里那么人的面，让我丢脸！”清昶公主哭了几声，抬起头，终于问出了重点：“娘亲，你老实告诉我，父皇这套《撼世皇拳》，是不是流传出去了？是不是父皇把这套武学赏赐给了外面的人？是不是那方家也有这套武学？”\n\n“嗯，”庄华娘娘黛眉微掀，随即似乎想通了什么，说道：“我的宝贝女儿啊，你一直说那方云羞辱了你。莫不是，今天你和他约斗，在学宫里败给了他！！”\n\n庄华娘娘内心震惊了，她虽然希望有人能教训一下女儿，打磨一下她的傲性。但也深深知道自已这个女儿的厉害，皇宫的灵药丹药，武学应有尽有，有这些做后盾，一般层次的武者，根本不是她的对手。\n\n竹轩楼的事情传到她耳中后，她虽然对方云这小子有点小小兴趣，但还从没想过，这方家的小子居然打败清昶。\n\n“不可能，你的武道修为比他高，撼世皇拳也是一等一的武学，你居然会打不过他？”庄华娘娘震惊道，她差不多明白这个女儿的感觉了。\n\n文，斗不过方家那小子；武，也斗不过方家那小子。想必这对她的打击相当大，这是彻彻底底的打击。\n\n“那小子耍诈。先是使言语逼我，让我舍弃了最擅长的鞭法，改用修练并不深的撼世皇拳。然后他再利用三招之约，用四方侯的绝学克制我。我敢肯定，以他真气级的修为，发出三招青龙绝学已经到他极限了。可恨啊！狡猾奸诈的家伙！”清昶公主愤愤道。\n\n“清儿，这件事为娘可以向你保证，四方侯府是不可能会这套撼世皇拳的。皇室真正的武学，从不轻易显露。”\n\n清昶公主不说话了，望着母亲严肃的神情，终于有些相信了。但她两次吃瘪，哪里这般容易干休：“娘亲，我不管。你一定要想办法替我治治那小子。对了，您不是和皇后娘娘交好吗？皇后娘娘说话最有用了，就让皇后娘娘给方家施压。”\n\n“嗯，这件事，我会想办法的，”庄华娘娘点了点头。清昶公主这才喜笑颜开，又在母亲面前撒了会娇，这才离去。\n\n“娘娘，要不要我们去出手教训下方家的次子？”帷幔后，一名鼻梁高挺，气势如山岳般雄厚的中年护卫悄无声息的走了出来，低头问道。\n\n庄华娘娘摇了摇头：“以你的修为，去对付一个小孩，太欺负人了。”\n\n“那娘娘真要去皇后那里？”护卫不解道。\n\n“不用。大周朝不准嫔妃干涉宫庭外的事。而且，皇后娘娘也不喜欢**中的人插手上京城贵妇间的事。”\n\n“娘娘的意思，是让我们怎么做？”\n\n“什么都不用做。上次给松轩楼的客人下了禁口令，已经够了。清儿脾气暴躁，也是该有个人打磨打磨她了。对了，你们几个去查一查。知道撼世皇拳这套皇族武学的，只有寥寥几个王公侯爷，看看是谁这么大胆，敢将皇室传下的绝学肆意传播！”庄华娘娘挥了挥手，眉目之间显出一股深不可测的威严气度。\n\n“是，娘娘！”护卫悄无声息的退了出去。', '3078', '0', '2017-11-11 21:23:57');
INSERT INTO `chapter` VALUES ('24', '1', '第二十章：东郊狩猎', '时间不知不觉的过去一个月，冬至过后，一场大雪突如其来，覆盖整个大周北方。大雪绵绵，将整个上京城都化为一片雪原。一直到第七天，雪势才微微止住，但依然有些零星的雪沫飘下。\n\n几乎是一夜之间，整个上京城的梅花绽放。清风迎送，将梅花寒香送遍上京。\n\n紫龙园里，一条栩栩如生的青龙在雪白的梅林上空盘旋回转，龙吟之声震彻四方侯府。园子四周，一名名美婢披着厚厚的鼠皮袄，小脸通红的望着空中。\n\n“少爷，又要突破了！”\n\n似乎回应这些婢女的猜测，天空中的龙形突然缩小到七尺左右，然后猛的扩张。只见一圈冰晶般的蓝色光芒猛然喷吐而出，这七尺小龙在空中一晃，化为一条五丈多长的青龙。龙头顶上，两只虬角咔嚓嚓钻了出来。\n\n吼！\n\n但听得一声惊天怒吼，紫龙园中的数十颗梅树籁籁摇动，无数雪白的花辨被风雪卷上半空。而在风雪之上，一只巨大的青龙蜿转盘旋，龙鳞上隐隐带着点点的闪电。而原本没有显化的两根龙角，两条后足也全部挣脱出来！\n\n“蹄哒！蹄哒！”\n\n就在这时，一阵马蹄声在四方侯府院墙外响起，厚厚积雪之中，只见两匹快骑踏风呼啸而来。远远的传来一阵笑声。\n\n“哈哈哈！方兄，快出来！大雪封山，东郊狩猎的时侯到了！”\n\n马背上，两名少年锦衣华服，气宇轩昂，真是张英与周昕。两个月见，张英、周昕气质都有了极大的改变，显得更加自信。两人御马驰骋，在到达四方侯府大门前时，一勒缰绳，停在门口。\n\n“呼！”\n\n两人刚刚立稳，四方侯府重重院墙内，一条青龙蜿蜒跨空而来，四足舞动，龙首鲜活，隐隐散发出一股天龙的气息。\n\n希聿聿！\n\n两匹战马感受到空中惊怖的气息，猛的惊慌长嘶，人马而起，立刻就要掉头狂奔。张英、周昕心中微惊，两人各展其能，稳住两匹受惊的马。\n\n“喝！”张英暴喝一声，手掌在战马前足胛骨中间一按，战马身子一沉，四足陷入泥土中，动弹不得。\n\n“聿！”周昕要幼喝着，直接从马背上翻身而下，右手飞快伸出，一把托住马颈，以强大的力量硬生生止住战马去势。\n\n“张兄、周兄，你们怎么来了！”青龙从院墙上按落，方云一身白衣从空中落下。在他身周三尺内，所有的雪沫飞舞着，无法靠近。\n\n他一显化真身，那股龙气立刻消失，两匹战马情绪立刻稳定了下来，只是依然拿眼惊恐的看着他。\n\n“方兄，你不知道今天是什么日子吗？”张英兴奋道。\n\n“什么日子？”方云微微皱眉，他全副心思放在修练上，倒没注意这些。\n\n见方云似乎真的不知道，两人心中的兴奋立刻减了一半：“方兄，今天是东郊狩猎的日子啊！”\n\n“东郊狩猎！”方云心中微震，这才听到寒风中，整个上京城都回荡着一片喧嚣声，一阵阵马蹄踏过积雪的声音顺着风声，从远处飘来，马蹄声里，还夹杂着阵阵王公子弟的笑语声。\n\n东郊狩猎，对于整个上京城的王公士子来说，这是一年中最隆重的节日。每年到了这个时侯，几乎所有王公士子都会骑上骏马，带上弓箭，猎犬，到东郊上纵意驰骋，一展雄风。\n\n前朝灭亡的时侯，作为统治者的王公士族，作风靡烂。大周太祖为了避免重蹈前朝覆辙，特意将东郊大片区域划为王公士族狩猎区，用来磨砺这些王公子弟的血性。毕竟，大周朝的天下将来要靠这些王公子弟去支撑！\n\n东郊中，有各种凶猛的狮、虎、熊、豹。除了这些普通的野兽，东郊深处，还有大周朝从口土神洲外捉来的凶兽、妖兽。\n\n这些凶兽、妖兽力大无穷，喷火吐烟，极其厉害。只有那些艺高人胆大的王公子弟，才刚深入其中，狩猎这些凶兽。\n\n为了强制这些王公子弟去东郊狩猎，大周朝特别设下律令。大周朝所有王公贵族，每家必顺至少派出一名士子参加东郊狩猎！\n\n“方兄，这次我和周昕都得到了父亲的同意，获准参加东郊狩猎。这可是我们第一次参加，你要不要一起去？”\n\n张英内心也拿捏不准，方云到底会不会去。从以前的印象看，方云似乎只对武道的提升感兴趣。\n\n方云眼光闪烁，闪过许多想法：“我们方家只有我和大哥两人。以前的时侯，都是大哥参加狩猎。这次大哥来不了，只有我代替他了！”\n\n“梁伯，备马！”方云回头吆喝了一声。\n\n“太好了！”张英、周昕狂喜。\n\n毕竟是武将世家，办事效率快。几个呼吸的时间，就有一位马仆牵着一匹膘肥的黑色骏马走了过来。\n\n“少爷，您要的马！”\n\n“嗯，辛苦了，你去帐房领点赏钱吧！”这匹马有一人多高，极为结实，方云一看就知马仆照料的很用心。打发了马仆，方云翻身上马，三人并驾齐驱朝向东郊校场而去。\n\n东郊校场位于东郊狩猎区的入口处，数千丈方圆的空地上铺满了石板。校场四周插满了各色的旌旗，旌旗上的旗号都是大周朝各大王公家族的旗号。旗杆下，有身披玄甲的大周重兵站立，一个个神情冷漠，面无表情，仿佛死亡的使者一样。\n\n方云三人赶到的时侯，校场蹄印凌乱，数百的王公子弟跨骑着马匹，早早的赶到了校场。这些人三五成群，各自分成一个个小团体，私语交谈。\n\n“到了！”周昕勒了勒马，望着前方道。他的神情紧张加兴奋。\n\n方云也停了下来，双目扫了一眼，发现这里许多都是生面孔，没有在学宫里出现过。这校场上大部分都是十五、六岁。但也不乏一些十八、九岁的年轻人，一个个身材修长，气息悠长，散发出强大的气息。\n\n“是方云！”\n\n校场边缘，几个人感觉到方云的目光，回头扫了一眼。待发现是方云站在身后，立即脸色微变，低呼一声，招呼同伴驱马走开。\n\n在上京城，方云这个名字几乎成了禁忌。谁都知道这个人招惹了不少贵族子弟，跟他走在一起，很容易招惹麻烦。\n\n一点点骚乱，马上传染开来。很快方云三人四周，空无一人。感觉到被众人排挤，张英、周昕一脸讪然。\n\n人群中央，五名身材高大的年轻人聚在一起，言笑甚欢。在这五个年轻人身后三步处，杨谦和李平跨坐在马上，神情谦卑，似乎对于身前的五人特别的畏惧。\n\n“嗯，”感觉到校场边缘的骚动，五人中，一个阴气颇重的年轻的转过头来，望了一眼，突然笑起来：“看看我们来了什么客人。”\n\n这名阴气颇重的年轻人叫李辰，镇国侯府的次子。这次是代表镇国侯府参加朝廷的东郊狩猎。\n\n“哦，原来是方家的次子，他也来参加东郊狩猎了，”绵绣侯世子蔡风笑了起来，他一身锦衣华服，又披着一件白狐披风，显得华贵俊美。\n\n“嗯，方云？”骑着一匹血红宝马，身高有七尺开外，壮的像铁塔的青年猛的皱了下眉头，突然朝杨谦喝道：“不成器的东西，就是那小子夺了你的人级珠吗？”\n\n杨谦头都不敢抬，瞥了一眼校场边沿的方云，畏畏缩缩道：“是的，大哥，就是他！”\n\n“哼！有意思，他躲在四方侯府不出来，我还真拿他没办法。没想到，他居然自投罗网，跑来东郊狩猎，”平鼎侯大世子杨彪冷哼一声，掉转马头，策马向方云驰去。\n\n“哈，有戏看了。大周军中，四方侯与平鼎侯早有摩擦，如今大世子杨彪又与方家次子卯上。大周这两位侯爷间的仇隙，看来会一代代传下去了。”河侯世子高韦一扬披风，也策马追去。\n\n“都过去看看吧，方家的次子确实行事张扬了些，”许权淡然道，一句云淡轻轻的话，让四周的人都心中一震，知道这位上京城世子之首，对方云也有些不满了。这句话，表现了一种态度。\n\n“嗯，去瞧瞧了，”五人连同杨谦、李平也跟了上去。\n\n“方云，你当日抢我的人级珠。想不到也会有今天吧！”杨谦恨恨的看了一眼远处的方云，心中突然有些变态的兴奋。\n\n“蹄哒！”\n\n马蹄扬起，溅起阵阵雪花。五名贵族侯大世子所到之处，人群纷纷噤声，一个个纷纷闪开，让出一条路来。\n\n“嗯？”方云抬头，注意到校场里，五名目光如凶神恶煞，来势汹汹的世子：“看样子，是来找麻烦的。”\n\n“张英、周昕，你们退开！”方云突然一扬手，喝道。\n\n“啊？怎么了？”周昕、张英说的正高兴，听到这句，也不由一禁。\n\n“找麻烦的来了，”方云看着五人中，为首的杨彪，一夹马腹，迎了上去。\n\n人群寂静，一双双目光聚集到了校场中两匹高大的马匹上，那两道身影。\n\n“你就是方云？我平鼎侯府的人级珠，就是你夺的？”杨彪勒止住马，见到方云第一句话，就是开门见山，语气极不客气。\n\n“不错。想要回吗？”方云冷冷道，语声丝毫不让。\n\n杨彪眼中闪过一丝怒气：“你好大的胆子，就算你大哥在，也不敢在我面前这般说话！”\n\n“胆子不大怎么称王做侯？你就是平鼎侯府长子杨彪吧？”\n\n几句话之间，方云基本确定了眼前青年的身份。\n\n“嘿嘿，好，很好！方家的人果然不错！”\n\n杨彪怒笑两声，声音突然一冷：“方云，给你两个选择。一是交出人级珠，二是被我打断手脚，然后，我亲自取回人级珠！”', '3386', '0', '2017-11-11 21:24:16');
INSERT INTO `chapter` VALUES ('25', '1', '第二十一章：狠狠镇压', '杨彪这句话一出，左右观看的王公子弟都感觉到了空气中浓浓的火药味，尽皆色变，纷纷策马退开！\n\n“哈哈哈，”方云大笑起来：“早预到你们平鼎侯府的人不会善罢甘休。杨彪，你有本事，尽管来取吧！我倒是要看看，你有什么本事敢在我面前放此狂言！”\n\n怒！暴怒！方云一句话，就让杨彪脸孔扭曲起来，显露出阴狠暴戾的本事。\n\n“小子，你这是在找死！”杨彪猛的在马背上一拍，人猛的飞起，身在空中，长吸一口气：“暴！”\n\n呼！\n\n寒风呼啸，杨彪一拳重重轰出，周围五丈范围内，所有的风雪、空气全部被他卷入拳风之中，以雷霆万钧之势向方云压下。\n\n吟！\n\n虚空中一声悠长的龙吟，方云当仁不让，拍马飞起，身子在空中一晃，化为一条五丈长龙，四爪舞动，闪电一般迎着杨彪的拳头撞了过去。\n\n砰！砰！\n\n空气炸开一波又一波，方云与杨彪拳抓相交，速度之快，令人眼花缭乱。每一次撞击，都有如两头史前凶兽，死磕硬撞。这是纯粹的拳法、力量的对撞，没有丝毫取巧成分。\n\n砰！\n\n最后一次交手，两人终于分开，在空中一折，又落回了马背。\n\n杨彪跨坐在马背上，目光阴冷，神色变幻。他望着方云，一言不发，内心中震惊的几乎要发狂。\n\n“罡气级！他居然达到了罡气级！”\n\n杨彪几乎不敢相信自已的判断，但刚刚交手时，那激荡的晶体般的光华，分明是罡气无疑。\n\n“怎么可能！他才多久的时间，居然就达到了罡气级！”山河侯世子高韦、绵绣侯世子蔡风睁大了眼睛，心里狠狠的震惊了一把。\n\n两个人都是罡气的武者，对于同级的武者有些微妙的感觉。这种感觉在方云跨坐马背的时侯，还不明显。但他飞身而起，鼓荡罡气的时侯，这种感觉就很明显了。\n\n“杨彪你可以回去了，这颗珠子，你是要不回了！”方云跨坐马背，极尽蔑视的看着杨彪，言语间毫不客气道。声音一落，拨转马头，就要掉头离去。\n\n侮辱，彻彻底底的侮辱，杨彪气得七窍生烟，猛的狞声叫喝道：“小杂种，我还没叫你走。你想去哪里呢！”\n\n马头猛然掉转，方云目如闪电，冷冷的注视着杨彪，寒声道：“杨彪，不要自误。你这是在激怒我！”\n\n“激怒？哼，你们方家的贱种永远是这么的不知死活，不自量力。你父亲方胤在军中跟我父亲斗，你大哥方林那个贱种在学宫时跟我斗，如今又来了你这个小杂种！今天，我就让你知道，平民侯与贵族侯的差距。”\n\n杨彪双拳一震，衣衫鼓荡，两只铁拳猛的举过头顶，一股如山岳般雄浑、沉重的气息从杨彪身上散发出来。强如山河侯世子，绵绣侯世子等人，也不禁策马后退。\n\n“平鼎侯不愧以势大、力沉著称，杨兄以罡气境的力量，就能发出如此浑厚的气息。这种拳势，只怕是山都要被轻去一小半！”\n\n一干观战的王公子弟心思活动，暗暗惊骇。\n\n鼎，是社稷重器，势大力沉，有镇压社稷、山河的作用。平鼎侯的绝学，便是以此为名。\n\n“平鼎山河第一式鼎镇山岳！”\n\n杨彪暴喝一声，双拳猛的向上一托，恍惚中，众人感觉杨彪头顶多了一只巨大的古鼎。在这股厚实、雄浑的拳意镇压下，杨彪周围十丈内的空气全部静止，连天空的飞雪，都纷纷避开。\n\n“喝！”\n\n一声暴喝，滚滚的罡气，连同地上积雪和空气，排山倒海般向方云压了过去。拳势过处，校场上一块块石板纷纷暴裂，虚空中，更是隐隐传出雷鸣的声音。\n\n“哼！左青龙探爪第四势，左青龙盘星撞月势！”\n\n方云冷哼一声，从马背上拨身而起，再次化为一条五丈青龙，巨大的龙尾在虚空中一拍，空气塌陷。校场上空隐隐浮现一颗星辰的影像，方云所化的青龙就从这星辰上射出，化为一道蜿蜒的青光，没入了杨彪周身滚滚的罡气流中。\n\n轰！\n\n杨彪的暴喝声还回荡在校场上空，两人就已经交手分出了高下。只听得一声惊天动地的炸响，杨彪壮硕的身体就似断线的风筝般，从紊乱的罡气流中飞了出来，重重的摔到了校场雪地上。\n\n“怎么会这样！”\n\n杨彪大叫一声，张口喷出一口鲜血。这一下，他是真正的心如死灰。如果说前一次交手，两人罡气浑厚度不分高下的话，这一次交手就真正的分出了高下。\n\n“输了，他居然输了！”\n\n校场上，鸦雀无声，无数王公子弟心中震动。在众目睽睽之下，虽然这只是两名王侯子弟的较量，但背后蕴含的意义远不止如此！\n\n“平鼎侯不是四方侯的对手！”\n\n方云的胜利如同一颗重磅炸弹，在这些王公子弟心中投了下去。平鼎侯和四方侯的争执，几乎已是众所周知的秘密。碍于大周的律令，两位侯爷从没交过手。但这一次，借助两位侯府世子的双手，两位侯爷决出了高下。\n\n鼎立山河八大势，不及左青龙探爪八势！\n\n大周朝以武立国，这样的结果，意味着什么，许多士子都品出来了。不少家族势力扎根于军中的王公子弟变了脸色，就连校场四周，注意到这些的甲士也变了脸色！\n\n上京城要变天了，今天过后，不少人要改变自已的立场和决定了！\n\n“杨彪，回去以后，记得叮嘱府中上下。以后说话小心点，就凭你们平鼎侯府，还没资格瞧不起我们四方侯府，瞧不起方家！”\n\n一招击败平鼎侯长子杨彪，方云终于有种扬眉吐气的感觉。无数个日日夜夜的苦练，终于换来了回报。今天，他终于再不需顾忌这些贵族侯子孙。因为，他们再没有资格！\n\n“杨彪居然输了！”高韦的脸色变得极为难看，两人暗地里思忖了一翻，自觉也没有必然把握胜过方云。\n\n“这才一个多月的时间，虽然说他身上有清昶公主的地级珠，但怎么可能这么快就踏入罡气境！”蔡风当日是见识过方云能耐的。那个时侯，方云才不过真气极的修为。战胜清昶公主，也只是依靠一些取巧的方法，不算真实的本事。\n\n但这一次，完全不同！硬碰硬，实打实，没有任何的讨巧在这面。方云凭借自已的实力，压制了杨彪！\n\n“一个多月的时间，从真气级突破到罡气！以后谁还能压制他！”蔡风睁大了眼睛，看着方云，心里有种惊怖的感觉。\n\n高韦、蔡风等人同时把目光投向了许权。在场的世子里面，以许权的修为为最高。\n\n“世子，”蔡风压低了声音：“唇亡齿寒，这里只有你是罡气巅峰，能稳赢过他。拦住他，不能让他就这么走了。”\n\n方云那翻话虽然嚣张，但以他的修为，也不敢上前挑衅。\n\n“世子，大家一向唯你马瞻。这里能对付那小子的,只有世子。如果连你都不出手，只怕大家会心寒，”高韦也低声道，他尽量小心，不触怒许权。但背后的意思，却非常明确。\n\n许权心中微微震动，知道贵族侯一脉，休戚与共。要是今日不出马，将来平鼎侯落马，恐怕下一次就轮到他莽荒侯府。而且，朝中一直在讨论，将四方侯提拨为贵族的事。如果今天他不做些什么，日后此例一开，贵族侯一脉的地位与影响，将江河日下。\n\n“方云，留下吧！”\n\n许权轻夹马腹，迈出两步，喝止了准备离开的方云。\n\n方云回头看到许权，心中震动了一下：“他终于还是出手了！”\n\n与杨彪不同，在许权身上，方云感觉到一种强烈的威胁。就像被眼睛蛇盯住一样，阴冷而且不舒服。\n\n“世子也要出手吗？杨彪出手是为一颗人级珠，不知道世子又是为了什么？”方云望了眼被几名王公子弟扶起的杨彪，说道。\n\n“本来这件事是你和杨彪之间的事，与我无关。但不管怎么样，平鼎侯毕竟是贵族侯一脉，于情于理，我都不可能容你，这么从容的走脱。”\n\n许权说的很坦荡。没有任何理由，仅仅是道不同，以他的身份说出来，倒也有种气度。\n\n指尖一弹，一柄二指宽，剑刃如同寒霜的软剑，从袖中弹了出来，许权淡然道：“方云，拿出你的武器吧！”\n\n“我的武器，就是一对拳头。就让我领教一下世子的绝学吧。”方云淡然道，尽管许权给他极大的压力，但挑战既然上门了，他也不会退缩。\n\n许权摇了摇头，轻笑：“方云，我不是清昶公主，不会轻易做出不智的决定。今天即便你放弃抵抗，我也不会手软的。”\n\n说着，许权左手食中二指，在软剑上轻轻一弹。整个校场的人都听到了一声‘铮’的清越剑鸣，同时一道六寸长的剑芒从剑尖喷吐而出。\n\n“嗡！”\n\n浩大、磅礴的剑意，如潮水般从许权身上散发出来，方圆六丈的范围，所有的空气震颤起来，视野一线变得模糊起来，连许权的面容都变得不真切了。', '3189', '0', '2017-11-11 21:24:38');

-- ----------------------------
-- Table structure for collection
-- ----------------------------
DROP TABLE IF EXISTS `collection`;
CREATE TABLE `collection` (
  `id` int(11) NOT NULL AUTO_INCREMENT COMMENT '收藏编号',
  `userId` varchar(13) NOT NULL COMMENT '用户编号',
  `bookId` int(11) NOT NULL COMMENT '图书编号',
  `time` datetime NOT NULL COMMENT '收藏时间',
  `historyChapter` int(11) NOT NULL DEFAULT '0' COMMENT '上次浏览章节',
  PRIMARY KEY (`id`)
) ENGINE=MyISAM AUTO_INCREMENT=6 DEFAULT CHARSET=utf8;

-- ----------------------------
-- Records of collection
-- ----------------------------
INSERT INTO `collection` VALUES ('1', '18279668704', '1', '2017-11-14 15:14:49', '10');

-- ----------------------------
-- Table structure for comment
-- ----------------------------
DROP TABLE IF EXISTS `comment`;
CREATE TABLE `comment` (
  `id` int(11) NOT NULL AUTO_INCREMENT COMMENT '评论编号',
  `reviewerId` varchar(13) NOT NULL COMMENT '评论人编号',
  `bookId` int(11) NOT NULL COMMENT '图书编号',
  `content` text NOT NULL COMMENT '评论内容',
  `time` datetime NOT NULL COMMENT '评论时间',
  `praiseNum` int(11) NOT NULL DEFAULT '0' COMMENT '点赞数',
  PRIMARY KEY (`id`)
) ENGINE=MyISAM AUTO_INCREMENT=6 DEFAULT CHARSET=utf8;

-- ----------------------------
-- Records of comment
-- ----------------------------
INSERT INTO `comment` VALUES ('1', '18279668702', '1', '大家喜欢就讨论一下呗', '2017-11-12 17:37:48', '5');
INSERT INTO `comment` VALUES ('2', '18279668703', '1', '这书可以的', '2017-11-12 20:14:21', '0');
INSERT INTO `comment` VALUES ('3', '18279668706', '1', '嗯，我也觉得还不错', '2017-11-13 09:31:17', '0');
INSERT INTO `comment` VALUES ('4', '18279668702', '1', '再顶一次', '2017-12-26 16:50:05', '0');

-- ----------------------------
-- Table structure for firsttype
-- ----------------------------
DROP TABLE IF EXISTS `firsttype`;
CREATE TABLE `firsttype` (
  `id` int(11) NOT NULL AUTO_INCREMENT COMMENT '类型编号',
  `name` varchar(20) NOT NULL COMMENT '类型名',
  `photo` varchar(255) DEFAULT NULL COMMENT '类型图片',
  PRIMARY KEY (`id`)
) ENGINE=MyISAM AUTO_INCREMENT=11 DEFAULT CHARSET=utf8;

-- ----------------------------
-- Records of firsttype
-- ----------------------------
INSERT INTO `firsttype` VALUES ('1', '小说作品', null);
INSERT INTO `firsttype` VALUES ('2', '人文社科', null);
INSERT INTO `firsttype` VALUES ('3', '品质生活', null);
INSERT INTO `firsttype` VALUES ('4', '成功励志', null);
INSERT INTO `firsttype` VALUES ('5', '经济管理', null);
INSERT INTO `firsttype` VALUES ('6', '文学作品', null);
INSERT INTO `firsttype` VALUES ('7', '自然科学', null);
INSERT INTO `firsttype` VALUES ('8', '计算机', null);
INSERT INTO `firsttype` VALUES ('9', '培训考试', null);
INSERT INTO `firsttype` VALUES ('10', '亲子少儿', null);

-- ----------------------------
-- Table structure for notice
-- ----------------------------
DROP TABLE IF EXISTS `notice`;
CREATE TABLE `notice` (
  `id` int(11) NOT NULL AUTO_INCREMENT COMMENT '公告编号',
  `adminId` varchar(13) NOT NULL COMMENT '管理员编号',
  `title` varchar(20) NOT NULL COMMENT '资讯标题',
  `content` text COMMENT '资讯内容',
  `time` datetime NOT NULL COMMENT '发布时间',
  `type` tinyint(1) NOT NULL DEFAULT '0' COMMENT '0-图书推荐，1-活动',
  `photo` varchar(255) DEFAULT NULL COMMENT '图片',
  PRIMARY KEY (`id`)
) ENGINE=MyISAM AUTO_INCREMENT=5 DEFAULT CHARSET=utf8;

-- ----------------------------
-- Records of notice
-- ----------------------------
INSERT INTO `notice` VALUES ('1', '9527', '颠覆者', 'http://localhost:8080/BookReading/Jsps/bookInfo.jsp?bookId=15', '2017-11-24 10:22:38', '0', 'http://oyn1b4wss.bkt.clouddn.com/FreyuymZQ3AbdVlhrmpwzWGyDSjb');
INSERT INTO `notice` VALUES ('2', '9527', '你无法抵达的时间', 'http://localhost:8080/BookReading/Jsps/bookInfo.jsp?bookId=16', '2017-11-26 12:26:05', '0', 'http://oyn1b4wss.bkt.clouddn.com/FuTehTcm1kfiv9wUJ9SF9_E5p0w-');
INSERT INTO `notice` VALUES ('3', '9527', '不成问题的问题', 'http://localhost:8080/BookReading/Jsps/bookInfo.jsp?bookId=17', '2017-11-26 12:27:49', '0', 'http://oyn1b4wss.bkt.clouddn.com/FmQV9WOtdqY3bemkTBrgVJ3wA87S');
INSERT INTO `notice` VALUES ('4', '9527', '言情小说', 'http://localhost:8080/BookReading/Jsps/category.jsp?firstId=1&firstName=%E5%B0%8F%E8%AF%B4%E4%BD%9C%E5%93%81&secondId=1&secondName=%E8%A8%80%E6%83%85%E5%B0%8F%E8%AF%B4', '2017-11-26 12:34:00', '0', 'http://oyn1b4wss.bkt.clouddn.com/Fo7KGNt0VYWzKw-d2DafzmAW15hz');

-- ----------------------------
-- Table structure for recommend
-- ----------------------------
DROP TABLE IF EXISTS `recommend`;
CREATE TABLE `recommend` (
  `id` int(11) NOT NULL AUTO_INCREMENT COMMENT '推荐编号',
  `userId` varchar(13) NOT NULL COMMENT '用户编号',
  `bookId` int(11) NOT NULL COMMENT '图书编号',
  `time` datetime NOT NULL COMMENT '推荐时间',
  `money` int(3) NOT NULL DEFAULT '0' COMMENT '积分数',
  PRIMARY KEY (`id`)
) ENGINE=MyISAM DEFAULT CHARSET=utf8;

-- ----------------------------
-- Records of recommend
-- ----------------------------

-- ----------------------------
-- Table structure for secondtype
-- ----------------------------
DROP TABLE IF EXISTS `secondtype`;
CREATE TABLE `secondtype` (
  `id` int(11) NOT NULL AUTO_INCREMENT COMMENT '类型编号',
  `firstTypeId` int(11) NOT NULL COMMENT '一级类型编号',
  `name` varchar(20) NOT NULL COMMENT '类型名',
  `photo` varchar(255) DEFAULT NULL COMMENT '类型图片',
  PRIMARY KEY (`id`)
) ENGINE=MyISAM AUTO_INCREMENT=75 DEFAULT CHARSET=utf8 ROW_FORMAT=DYNAMIC;

-- ----------------------------
-- Records of secondtype
-- ----------------------------
INSERT INTO `secondtype` VALUES ('1', '1', '言情小说', null);
INSERT INTO `secondtype` VALUES ('2', '1', '悬疑推理', null);
INSERT INTO `secondtype` VALUES ('3', '1', '恐怖惊悚', null);
INSERT INTO `secondtype` VALUES ('4', '1', '武侠仙侠', null);
INSERT INTO `secondtype` VALUES ('5', '1', '科幻灵异', null);
INSERT INTO `secondtype` VALUES ('6', '1', '玄幻奇幻', null);
INSERT INTO `secondtype` VALUES ('7', '1', '架空历史', null);
INSERT INTO `secondtype` VALUES ('8', '1', '官场职场', null);
INSERT INTO `secondtype` VALUES ('9', '2', '人文历史', null);
INSERT INTO `secondtype` VALUES ('10', '2', '人物传记', null);
INSERT INTO `secondtype` VALUES ('11', '2', '宗教哲学', null);
INSERT INTO `secondtype` VALUES ('12', '2', '军事法律', null);
INSERT INTO `secondtype` VALUES ('13', '2', '社会学', null);
INSERT INTO `secondtype` VALUES ('14', '2', '政治学', null);
INSERT INTO `secondtype` VALUES ('15', '2', '语言文字学', null);
INSERT INTO `secondtype` VALUES ('16', '2', '教育学', null);
INSERT INTO `secondtype` VALUES ('17', '3', '健康养生', null);
INSERT INTO `secondtype` VALUES ('18', '3', '健身减肥', null);
INSERT INTO `secondtype` VALUES ('19', '3', '时尚美容', null);
INSERT INTO `secondtype` VALUES ('20', '3', '烹调美食', null);
INSERT INTO `secondtype` VALUES ('21', '3', '星座风水', null);
INSERT INTO `secondtype` VALUES ('22', '3', '旅游风情', null);
INSERT INTO `secondtype` VALUES ('23', '3', '休闲家居', null);
INSERT INTO `secondtype` VALUES ('24', '3', '运动竞技', null);
INSERT INTO `secondtype` VALUES ('25', '4', '人际交往', null);
INSERT INTO `secondtype` VALUES ('26', '4', '演讲口才', null);
INSERT INTO `secondtype` VALUES ('27', '4', '职场进修', null);
INSERT INTO `secondtype` VALUES ('28', '4', '成长励志', null);
INSERT INTO `secondtype` VALUES ('29', '4', '情绪情商', null);
INSERT INTO `secondtype` VALUES ('30', '4', '智商智谋', null);
INSERT INTO `secondtype` VALUES ('31', '4', '人生哲学', null);
INSERT INTO `secondtype` VALUES ('32', '4', '成功学', null);
INSERT INTO `secondtype` VALUES ('33', '5', '经济学', null);
INSERT INTO `secondtype` VALUES ('34', '5', '管理学', null);
INSERT INTO `secondtype` VALUES ('35', '5', '中国经济', null);
INSERT INTO `secondtype` VALUES ('36', '5', '金融', null);
INSERT INTO `secondtype` VALUES ('37', '5', '市场营销', null);
INSERT INTO `secondtype` VALUES ('38', '5', '企业管理', null);
INSERT INTO `secondtype` VALUES ('39', '5', '会计/审计', null);
INSERT INTO `secondtype` VALUES ('40', '5', '投资理财', null);
INSERT INTO `secondtype` VALUES ('41', '6', '散文随笔', null);
INSERT INTO `secondtype` VALUES ('42', '6', '诗歌作品', null);
INSERT INTO `secondtype` VALUES ('43', '6', '纪实文学', null);
INSERT INTO `secondtype` VALUES ('44', '6', '日记书信', null);
INSERT INTO `secondtype` VALUES ('45', '6', '民间文学', null);
INSERT INTO `secondtype` VALUES ('46', '6', '文艺学', null);
INSERT INTO `secondtype` VALUES ('47', '6', '现当代文学', null);
INSERT INTO `secondtype` VALUES ('48', '6', '外国经典', null);
INSERT INTO `secondtype` VALUES ('49', '7', '科普百科', null);
INSERT INTO `secondtype` VALUES ('50', '7', '天文学', null);
INSERT INTO `secondtype` VALUES ('51', '7', '地理学', null);
INSERT INTO `secondtype` VALUES ('52', '7', '数学', null);
INSERT INTO `secondtype` VALUES ('53', '7', '物理', null);
INSERT INTO `secondtype` VALUES ('54', '7', '化学', null);
INSERT INTO `secondtype` VALUES ('55', '7', '生物学', null);
INSERT INTO `secondtype` VALUES ('56', '7', '环境科学', null);
INSERT INTO `secondtype` VALUES ('57', '8', '互联网', null);
INSERT INTO `secondtype` VALUES ('58', '8', '程序编程', null);
INSERT INTO `secondtype` VALUES ('59', '8', '硬件设备', null);
INSERT INTO `secondtype` VALUES ('60', '8', '软件工程', null);
INSERT INTO `secondtype` VALUES ('61', '8', '操作系统', null);
INSERT INTO `secondtype` VALUES ('62', '8', '数据库', null);
INSERT INTO `secondtype` VALUES ('63', '8', '网页制作', null);
INSERT INTO `secondtype` VALUES ('64', '8', '图形图像', null);
INSERT INTO `secondtype` VALUES ('65', '9', '英语专项考试', null);
INSERT INTO `secondtype` VALUES ('66', '9', '生活英语', null);
INSERT INTO `secondtype` VALUES ('67', '9', '其他外语', null);
INSERT INTO `secondtype` VALUES ('68', '9', '教材教辅', null);
INSERT INTO `secondtype` VALUES ('69', '9', '考研', null);
INSERT INTO `secondtype` VALUES ('70', '9', '职业培训与考试', null);
INSERT INTO `secondtype` VALUES ('71', '10', '孕产育儿', null);
INSERT INTO `secondtype` VALUES ('72', '10', '儿童文学', null);
INSERT INTO `secondtype` VALUES ('73', '10', '少儿启蒙', null);
INSERT INTO `secondtype` VALUES ('74', '10', '家庭教育', null);

-- ----------------------------
-- Table structure for user
-- ----------------------------
DROP TABLE IF EXISTS `user`;
CREATE TABLE `user` (
  `phone` varchar(13) NOT NULL COMMENT '手机号',
  `name` varchar(20) DEFAULT NULL COMMENT '姓名',
  `password` varchar(16) NOT NULL COMMENT '密码',
  `sex` varchar(1) DEFAULT '0' COMMENT '性别',
  `head` varchar(255) DEFAULT NULL COMMENT '头像',
  `realName` varchar(20) DEFAULT NULL COMMENT '真实姓名',
  `IDcard` varchar(18) DEFAULT NULL COMMENT '身份证号',
  `role` tinyint(1) NOT NULL DEFAULT '0' COMMENT '类型（0-普通用户，1-VIP用户）',
  `profile` varchar(255) DEFAULT NULL COMMENT '个人简介',
  PRIMARY KEY (`phone`)
) ENGINE=MyISAM DEFAULT CHARSET=utf8;

-- ----------------------------
-- Records of user
-- ----------------------------
INSERT INTO `user` VALUES ('18279668702', '无妄勿求', 'zt199500520', '0', '../img/tx.png', '周焘', '362422199505200054', '0', '');
INSERT INTO `user` VALUES ('18279668703', '无妄务求', '123456', '0', '../img/tx.png', null, null, '0', null);
INSERT INTO `user` VALUES ('18279668704', '勿忘勿求', '123456', '0', '../img/tx.png', null, null, '0', null);
INSERT INTO `user` VALUES ('18279668706', '务妄勿求', '123456', '0', '../img/tx.png', null, null, '0', null);

-- ----------------------------
-- View structure for bookview
-- ----------------------------
DROP VIEW IF EXISTS `bookview`;
CREATE ALGORITHM=UNDEFINED DEFINER=`root`@`localhost` SQL SECURITY DEFINER VIEW `bookview` AS select `author`.`phone` AS `authorId`,`author`.`name` AS `authorName`,`author`.`head` AS `head`,`author`.`profile` AS `authorProfile`,`book`.`id` AS `bookId`,`book`.`name` AS `bookName`,`book`.`label` AS `label`,`book`.`wordNum` AS `wordNum`,`book`.`collectionNum` AS `collectionNum`,`book`.`state` AS `state`,`book`.`profile` AS `profile`,`book`.`clickNum` AS `clickNum`,`book`.`cover` AS `cover`,`book`.`creationTime` AS `creationTime`,`book`.`chapterId` AS `chapterId`,`chapter`.`name` AS `chapterName`,`chapter`.`time` AS `chapterTime`,`secondtype`.`id` AS `secondId`,`secondtype`.`name` AS `secondName`,`firsttype`.`id` AS `firstId`,`firsttype`.`name` AS `firstName`,`book`.`recommendNum` AS `recommendNum`,`book`.`isRecommend` AS `isRecommend` from ((((`author` join `book` on((`author`.`phone` = `book`.`authorId`))) left join `chapter` on((`book`.`chapterId` = `chapter`.`id`))) join `secondtype` on(((`book`.`typeId` = `secondtype`.`id`) and ('' = '')))) join `firsttype` on((`secondtype`.`firstTypeId` = `firsttype`.`id`))) ;

-- ----------------------------
-- View structure for collectionview
-- ----------------------------
DROP VIEW IF EXISTS `collectionview`;
CREATE ALGORITHM=UNDEFINED DEFINER=`root`@`localhost` SQL SECURITY DEFINER VIEW `collectionview` AS select `collection`.`id` AS `id`,`collection`.`userId` AS `userId`,`collection`.`bookId` AS `bookId`,`collection`.`historyChapter` AS `historyChapter`,`chapter`.`name` AS `chapterName`,`author`.`name` AS `authorName`,`book`.`name` AS `bookName`,`secondtype`.`name` AS `secondName`,`firsttype`.`name` AS `firstName`,`book`.`state` AS `state`,`book`.`profile` AS `profile`,`book`.`wordNum` AS `wordNum`,`book`.`collectionNum` AS `collectionNum`,`book`.`clickNum` AS `clickNum`,`book`.`cover` AS `cover` from (((((`collection` join `book` on((`collection`.`bookId` = `book`.`id`))) left join `chapter` on((`collection`.`historyChapter` = `chapter`.`id`))) join `author` on((`book`.`authorId` = `author`.`phone`))) join `secondtype` on((`book`.`typeId` = `secondtype`.`id`))) join `firsttype` on((`secondtype`.`firstTypeId` = `firsttype`.`id`))) ;

-- ----------------------------
-- View structure for commentview
-- ----------------------------
DROP VIEW IF EXISTS `commentview`;
CREATE ALGORITHM=UNDEFINED DEFINER=`root`@`localhost` SQL SECURITY DEFINER VIEW `commentview` AS select `comment`.`id` AS `id`,`comment`.`reviewerId` AS `reviewerId`,`comment`.`bookId` AS `bookId`,`comment`.`content` AS `content`,`comment`.`time` AS `time`,`comment`.`praiseNum` AS `praiseNum`,`user`.`name` AS `name`,`user`.`head` AS `head`,`book`.`name` AS `bookName` from ((`comment` join `user` on((`comment`.`reviewerId` = `user`.`phone`))) join `book` on((`comment`.`bookId` = `book`.`id`))) ;
